[
  {
    "S.no.": 1,
    "Scheme": "DEPT OF TREASURIES KHAJANE II",
    "No. of Accounts": 41160622,
    "Amount(in INR)": 36104560820
  },
  {
    "S.no.": 2,
    "Scheme": "MGNREGA",
    "No. of Accounts": 18959101,
    "Amount(in INR)": 18567374999
  },
  {
    "S.no.": 3,
    "Scheme": "Indira Gandhi National Widow Pension Scheme (IGNWPS)",
    "No. of Accounts": 6813220,
    "Amount(in INR)": 9154825000
  },
  {
    "S.no.": 4,
    "Scheme": "Central Plan Scheme Monitoring System (CPSMS)",
    "No. of Accounts": 5431654,
    "Amount(in INR)": 7611454652
  },
  {
    "S.no.": 5,
    "Scheme": "Indira Gandhi National Old Age Pension Scheme (IGNOAPS)",
    "No. of Accounts": 464690,
    "Amount(in INR)": 575133600
  },
  {
    "S.no.": 6,
    "Scheme": "LPG SUBSIDY IOCL",
    "No. of Accounts": 394370,
    "Amount(in INR)": 18031461.33
  },
  {
    "S.no.": 7,
    "Scheme": "LPG SUBSIDY HP",
    "No. of Accounts": 251946,
    "Amount(in INR)": 9066644.58
  },
  {
    "S.no.": 8,
    "Scheme": "LPG SUBSIDY BPCL",
    "No. of Accounts": 194644,
    "Amount(in INR)": 7824222.64
  },
  {
    "S.no.": 9,
    "Scheme": "PM KISAN BANGALORE",
    "No. of Accounts": 138448,
    "Amount(in INR)": 276896000
  },
  {
    "S.no.": 10,
    "Scheme": "Widow and Destitute women Pension  IG IW",
    "No. of Accounts": 126624,
    "Amount(in INR)": 294127300
  }
]