[
  {
    "Date of Transaction": "01-04-2024",
    "No of PLI Policy procurred_Male": 1186,
    "No of PLI Policy procurred_Female": 952,
    "No of PLI Policy procurred_Others": 0,
    "No of RPLI Policy procurred_Male": 2147,
    "No of RPLI Policy procurred_Female": 1928,
    "No of RPLI Policy procurred_Others": 0
  },
  {
    "Date of Transaction": "02-04-2024",
    "No of PLI Policy procurred_Male": 892,
    "No of PLI Policy procurred_Female": 646,
    "No of PLI Policy procurred_Others": 1,
    "No of RPLI Policy procurred_Male": 1783,
    "No of RPLI Policy procurred_Female": 1461,
    "No of RPLI Policy procurred_Others": 0
  },
  {
    "Date of Transaction": "03-04-2024",
    "No of PLI Policy procurred_Male": 512,
    "No of PLI Policy procurred_Female": 368,
    "No of PLI Policy procurred_Others": 0,
    "No of RPLI Policy procurred_Male": 954,
    "No of RPLI Policy procurred_Female": 830,
    "No of RPLI Policy procurred_Others": 0
  },
  {
    "Date of Transaction": "04-04-2024",
    "No of PLI Policy procurred_Male": 1005,
    "No of PLI Policy procurred_Female": 728,
    "No of PLI Policy procurred_Others": 0,
    "No of RPLI Policy procurred_Male": 1857,
    "No of RPLI Policy procurred_Female": 1433,
    "No of RPLI Policy procurred_Others": 1
  },
  {
    "Date of Transaction": "05-04-2024",
    "No of PLI Policy procurred_Male": 756,
    "No of PLI Policy procurred_Female": 511,
    "No of PLI Policy procurred_Others": 0,
    "No of RPLI Policy procurred_Male": 1174,
    "No of RPLI Policy procurred_Female": 996,
    "No of RPLI Policy procurred_Others": 0
  },
  {
    "Date of Transaction": "06-04-2024",
    "No of PLI Policy procurred_Male": 1025,
    "No of PLI Policy procurred_Female": 629,
    "No of PLI Policy procurred_Others": 0,
    "No of RPLI Policy procurred_Male": 1634,
    "No of RPLI Policy procurred_Female": 1344,
    "No of RPLI Policy procurred_Others": 0
  },
  {
    "Date of Transaction": "07-04-2024",
    "No of PLI Policy procurred_Male": 28,
    "No of PLI Policy procurred_Female": 22,
    "No of PLI Policy procurred_Others": 0,
    "No of RPLI Policy procurred_Male": 54,
    "No of RPLI Policy procurred_Female": 54,
    "No of RPLI Policy procurred_Others": 0
  },
  {
    "Date of Transaction": "08-04-2024",
    "No of PLI Policy procurred_Male": 1043,
    "No of PLI Policy procurred_Female": 718,
    "No of PLI Policy procurred_Others": 0,
    "No of RPLI Policy procurred_Male": 1780,
    "No of RPLI Policy procurred_Female": 1540,
    "No of RPLI Policy procurred_Others": 0
  },
  {
    "Date of Transaction": "09-04-2024",
    "No of PLI Policy procurred_Male": 1005,
    "No of PLI Policy procurred_Female": 597,
    "No of PLI Policy procurred_Others": 1,
    "No of RPLI Policy procurred_Male": 1947,
    "No of RPLI Policy procurred_Female": 1591,
    "No of RPLI Policy procurred_Others": 0
  },
  {
    "Date of Transaction": "10-04-2024",
    "No of PLI Policy procurred_Male": 1147,
    "No of PLI Policy procurred_Female": 824,
    "No of PLI Policy procurred_Others": 0,
    "No of RPLI Policy procurred_Male": 1787,
    "No of RPLI Policy procurred_Female": 1536,
    "No of RPLI Policy procurred_Others": 0
  },
  {
    "Date of Transaction": "11-04-2024",
    "No of PLI Policy procurred_Male": 78,
    "No of PLI Policy procurred_Female": 56,
    "No of PLI Policy procurred_Others": 0,
    "No of RPLI Policy procurred_Male": 122,
    "No of RPLI Policy procurred_Female": 71,
    "No of RPLI Policy procurred_Others": 0
  },
  {
    "Date of Transaction": "12-04-2024",
    "No of PLI Policy procurred_Male": 30,
    "No of PLI Policy procurred_Female": 27,
    "No of PLI Policy procurred_Others": 0,
    "No of RPLI Policy procurred_Male": 29,
    "No of RPLI Policy procurred_Female": 32,
    "No of RPLI Policy procurred_Others": 0
  },
  {
    "Date of Transaction": "13-04-2024",
    "No of PLI Policy procurred_Male": 938,
    "No of PLI Policy procurred_Female": 657,
    "No of PLI Policy procurred_Others": 0,
    "No of RPLI Policy procurred_Male": 1295,
    "No of RPLI Policy procurred_Female": 1156,
    "No of RPLI Policy procurred_Others": 0
  },
  {
    "Date of Transaction": "14-04-2024",
    "No of PLI Policy procurred_Male": 36,
    "No of PLI Policy procurred_Female": 36,
    "No of PLI Policy procurred_Others": 0,
    "No of RPLI Policy procurred_Male": 252,
    "No of RPLI Policy procurred_Female": 122,
    "No of RPLI Policy procurred_Others": 0
  },
  {
    "Date of Transaction": "15-04-2024",
    "No of PLI Policy procurred_Male": 1259,
    "No of PLI Policy procurred_Female": 845,
    "No of PLI Policy procurred_Others": 0,
    "No of RPLI Policy procurred_Male": 1827,
    "No of RPLI Policy procurred_Female": 1530,
    "No of RPLI Policy procurred_Others": 0
  },
  {
    "Date of Transaction": "16-04-2024",
    "No of PLI Policy procurred_Male": 1292,
    "No of PLI Policy procurred_Female": 869,
    "No of PLI Policy procurred_Others": 0,
    "No of RPLI Policy procurred_Male": 1942,
    "No of RPLI Policy procurred_Female": 1881,
    "No of RPLI Policy procurred_Others": 0
  },
  {
    "Date of Transaction": "17-04-2024",
    "No of PLI Policy procurred_Male": 911,
    "No of PLI Policy procurred_Female": 812,
    "No of PLI Policy procurred_Others": 0,
    "No of RPLI Policy procurred_Male": 1451,
    "No of RPLI Policy procurred_Female": 1444,
    "No of RPLI Policy procurred_Others": 3
  },
  {
    "Date of Transaction": "18-04-2024",
    "No of PLI Policy procurred_Male": 1056,
    "No of PLI Policy procurred_Female": 750,
    "No of PLI Policy procurred_Others": 0,
    "No of RPLI Policy procurred_Male": 2214,
    "No of RPLI Policy procurred_Female": 1414,
    "No of RPLI Policy procurred_Others": 0
  },
  {
    "Date of Transaction": "19-04-2024",
    "No of PLI Policy procurred_Male": 843,
    "No of PLI Policy procurred_Female": 531,
    "No of PLI Policy procurred_Others": 0,
    "No of RPLI Policy procurred_Male": 1467,
    "No of RPLI Policy procurred_Female": 1308,
    "No of RPLI Policy procurred_Others": 0
  },
  {
    "Date of Transaction": "20-04-2024",
    "No of PLI Policy procurred_Male": 0,
    "No of PLI Policy procurred_Female": 0,
    "No of PLI Policy procurred_Others": 0,
    "No of RPLI Policy procurred_Male": 0,
    "No of RPLI Policy procurred_Female": 0,
    "No of RPLI Policy procurred_Others": 0
  },
  {
    "Date of Transaction": "21-04-2024",
    "No of PLI Policy procurred_Male": 0,
    "No of PLI Policy procurred_Female": 0,
    "No of PLI Policy procurred_Others": 0,
    "No of RPLI Policy procurred_Male": 0,
    "No of RPLI Policy procurred_Female": 0,
    "No of RPLI Policy procurred_Others": 0
  },
  {
    "Date of Transaction": "22-04-2024",
    "No of PLI Policy procurred_Male": 1151,
    "No of PLI Policy procurred_Female": 770,
    "No of PLI Policy procurred_Others": 0,
    "No of RPLI Policy procurred_Male": 1741,
    "No of RPLI Policy procurred_Female": 1547,
    "No of RPLI Policy procurred_Others": 1
  },
  {
    "Date of Transaction": "23-04-2024",
    "No of PLI Policy procurred_Male": 975,
    "No of PLI Policy procurred_Female": 755,
    "No of PLI Policy procurred_Others": 0,
    "No of RPLI Policy procurred_Male": 1582,
    "No of RPLI Policy procurred_Female": 1511,
    "No of RPLI Policy procurred_Others": 0
  },
  {
    "Date of Transaction": "24-04-2024",
    "No of PLI Policy procurred_Male": 1201,
    "No of PLI Policy procurred_Female": 899,
    "No of PLI Policy procurred_Others": 0,
    "No of RPLI Policy procurred_Male": 2051,
    "No of RPLI Policy procurred_Female": 1847,
    "No of RPLI Policy procurred_Others": 0
  },
  {
    "Date of Transaction": "25-04-2024",
    "No of PLI Policy procurred_Male": 1196,
    "No of PLI Policy procurred_Female": 839,
    "No of PLI Policy procurred_Others": 0,
    "No of RPLI Policy procurred_Male": 1945,
    "No of RPLI Policy procurred_Female": 1613,
    "No of RPLI Policy procurred_Others": 0
  },
  {
    "Date of Transaction": "26-04-2024",
    "No of PLI Policy procurred_Male": 1107,
    "No of PLI Policy procurred_Female": 822,
    "No of PLI Policy procurred_Others": 0,
    "No of RPLI Policy procurred_Male": 2003,
    "No of RPLI Policy procurred_Female": 1981,
    "No of RPLI Policy procurred_Others": 1
  },
  {
    "Date of Transaction": "27-04-2024",
    "No of PLI Policy procurred_Male": 1219,
    "No of PLI Policy procurred_Female": 935,
    "No of PLI Policy procurred_Others": 0,
    "No of RPLI Policy procurred_Male": 2300,
    "No of RPLI Policy procurred_Female": 2364,
    "No of RPLI Policy procurred_Others": 0
  },
  {
    "Date of Transaction": "28-04-2024",
    "No of PLI Policy procurred_Male": 166,
    "No of PLI Policy procurred_Female": 98,
    "No of PLI Policy procurred_Others": 0,
    "No of RPLI Policy procurred_Male": 243,
    "No of RPLI Policy procurred_Female": 329,
    "No of RPLI Policy procurred_Others": 0
  },
  {
    "Date of Transaction": "29-04-2024",
    "No of PLI Policy procurred_Male": 1363,
    "No of PLI Policy procurred_Female": 1023,
    "No of PLI Policy procurred_Others": 0,
    "No of RPLI Policy procurred_Male": 2247,
    "No of RPLI Policy procurred_Female": 2137,
    "No of RPLI Policy procurred_Others": 1
  },
  {
    "Date of Transaction": "30-04-2024",
    "No of PLI Policy procurred_Male": 1736,
    "No of PLI Policy procurred_Female": 1412,
    "No of PLI Policy procurred_Others": 0,
    "No of RPLI Policy procurred_Male": 3312,
    "No of RPLI Policy procurred_Female": 3434,
    "No of RPLI Policy procurred_Others": 1
  },
  {
    "Date of Transaction": "01-05-2024",
    "No of PLI Policy procurred_Male": 915,
    "No of PLI Policy procurred_Female": 772,
    "No of PLI Policy procurred_Others": 0,
    "No of RPLI Policy procurred_Male": 1522,
    "No of RPLI Policy procurred_Female": 1860,
    "No of RPLI Policy procurred_Others": 0
  },
  {
    "Date of Transaction": "02-05-2024",
    "No of PLI Policy procurred_Male": 661,
    "No of PLI Policy procurred_Female": 504,
    "No of PLI Policy procurred_Others": 0,
    "No of RPLI Policy procurred_Male": 1153,
    "No of RPLI Policy procurred_Female": 1002,
    "No of RPLI Policy procurred_Others": 0
  },
  {
    "Date of Transaction": "03-05-2024",
    "No of PLI Policy procurred_Male": 657,
    "No of PLI Policy procurred_Female": 465,
    "No of PLI Policy procurred_Others": 0,
    "No of RPLI Policy procurred_Male": 1238,
    "No of RPLI Policy procurred_Female": 1147,
    "No of RPLI Policy procurred_Others": 0
  },
  {
    "Date of Transaction": "04-05-2024",
    "No of PLI Policy procurred_Male": 786,
    "No of PLI Policy procurred_Female": 570,
    "No of PLI Policy procurred_Others": 0,
    "No of RPLI Policy procurred_Male": 1409,
    "No of RPLI Policy procurred_Female": 1219,
    "No of RPLI Policy procurred_Others": 0
  },
  {
    "Date of Transaction": "05-05-2024",
    "No of PLI Policy procurred_Male": 17,
    "No of PLI Policy procurred_Female": 5,
    "No of PLI Policy procurred_Others": 0,
    "No of RPLI Policy procurred_Male": 93,
    "No of RPLI Policy procurred_Female": 26,
    "No of RPLI Policy procurred_Others": 0
  },
  {
    "Date of Transaction": "06-05-2024",
    "No of PLI Policy procurred_Male": 774,
    "No of PLI Policy procurred_Female": 602,
    "No of PLI Policy procurred_Others": 1,
    "No of RPLI Policy procurred_Male": 1307,
    "No of RPLI Policy procurred_Female": 1275,
    "No of RPLI Policy procurred_Others": 0
  },
  {
    "Date of Transaction": "07-05-2024",
    "No of PLI Policy procurred_Male": 822,
    "No of PLI Policy procurred_Female": 631,
    "No of PLI Policy procurred_Others": 0,
    "No of RPLI Policy procurred_Male": 1509,
    "No of RPLI Policy procurred_Female": 1551,
    "No of RPLI Policy procurred_Others": 0
  },
  {
    "Date of Transaction": "08-05-2024",
    "No of PLI Policy procurred_Male": 981,
    "No of PLI Policy procurred_Female": 781,
    "No of PLI Policy procurred_Others": 0,
    "No of RPLI Policy procurred_Male": 1843,
    "No of RPLI Policy procurred_Female": 1648,
    "No of RPLI Policy procurred_Others": 2
  },
  {
    "Date of Transaction": "09-05-2024",
    "No of PLI Policy procurred_Male": 1010,
    "No of PLI Policy procurred_Female": 715,
    "No of PLI Policy procurred_Others": 0,
    "No of RPLI Policy procurred_Male": 1702,
    "No of RPLI Policy procurred_Female": 1593,
    "No of RPLI Policy procurred_Others": 0
  },
  {
    "Date of Transaction": "10-05-2024",
    "No of PLI Policy procurred_Male": 993,
    "No of PLI Policy procurred_Female": 827,
    "No of PLI Policy procurred_Others": 0,
    "No of RPLI Policy procurred_Male": 1847,
    "No of RPLI Policy procurred_Female": 1686,
    "No of RPLI Policy procurred_Others": 1
  },
  {
    "Date of Transaction": "11-05-2024",
    "No of PLI Policy procurred_Male": 749,
    "No of PLI Policy procurred_Female": 612,
    "No of PLI Policy procurred_Others": 0,
    "No of RPLI Policy procurred_Male": 1333,
    "No of RPLI Policy procurred_Female": 1157,
    "No of RPLI Policy procurred_Others": 0
  },
  {
    "Date of Transaction": "12-05-2024",
    "No of PLI Policy procurred_Male": 13,
    "No of PLI Policy procurred_Female": 11,
    "No of PLI Policy procurred_Others": 0,
    "No of RPLI Policy procurred_Male": 18,
    "No of RPLI Policy procurred_Female": 17,
    "No of RPLI Policy procurred_Others": 0
  },
  {
    "Date of Transaction": "13-05-2024",
    "No of PLI Policy procurred_Male": 775,
    "No of PLI Policy procurred_Female": 594,
    "No of PLI Policy procurred_Others": 0,
    "No of RPLI Policy procurred_Male": 1464,
    "No of RPLI Policy procurred_Female": 1272,
    "No of RPLI Policy procurred_Others": 0
  },
  {
    "Date of Transaction": "14-05-2024",
    "No of PLI Policy procurred_Male": 870,
    "No of PLI Policy procurred_Female": 745,
    "No of PLI Policy procurred_Others": 0,
    "No of RPLI Policy procurred_Male": 1327,
    "No of RPLI Policy procurred_Female": 1328,
    "No of RPLI Policy procurred_Others": 1
  },
  {
    "Date of Transaction": "15-05-2024",
    "No of PLI Policy procurred_Male": 1432,
    "No of PLI Policy procurred_Female": 1103,
    "No of PLI Policy procurred_Others": 1,
    "No of RPLI Policy procurred_Male": 2494,
    "No of RPLI Policy procurred_Female": 2545,
    "No of RPLI Policy procurred_Others": 1
  },
  {
    "Date of Transaction": "16-05-2024",
    "No of PLI Policy procurred_Male": 2068,
    "No of PLI Policy procurred_Female": 1564,
    "No of PLI Policy procurred_Others": 0,
    "No of RPLI Policy procurred_Male": 3842,
    "No of RPLI Policy procurred_Female": 3462,
    "No of RPLI Policy procurred_Others": 0
  },
  {
    "Date of Transaction": "17-05-2024",
    "No of PLI Policy procurred_Male": 1866,
    "No of PLI Policy procurred_Female": 1328,
    "No of PLI Policy procurred_Others": 0,
    "No of RPLI Policy procurred_Male": 4303,
    "No of RPLI Policy procurred_Female": 3845,
    "No of RPLI Policy procurred_Others": 0
  },
  {
    "Date of Transaction": "18-05-2024",
    "No of PLI Policy procurred_Male": 1466,
    "No of PLI Policy procurred_Female": 1042,
    "No of PLI Policy procurred_Others": 0,
    "No of RPLI Policy procurred_Male": 3675,
    "No of RPLI Policy procurred_Female": 3371,
    "No of RPLI Policy procurred_Others": 0
  },
  {
    "Date of Transaction": "19-05-2024",
    "No of PLI Policy procurred_Male": 390,
    "No of PLI Policy procurred_Female": 263,
    "No of PLI Policy procurred_Others": 0,
    "No of RPLI Policy procurred_Male": 1777,
    "No of RPLI Policy procurred_Female": 1513,
    "No of RPLI Policy procurred_Others": 0
  },
  {
    "Date of Transaction": "20-05-2024",
    "No of PLI Policy procurred_Male": 431,
    "No of PLI Policy procurred_Female": 363,
    "No of PLI Policy procurred_Others": 0,
    "No of RPLI Policy procurred_Male": 559,
    "No of RPLI Policy procurred_Female": 658,
    "No of RPLI Policy procurred_Others": 0
  },
  {
    "Date of Transaction": "21-05-2024",
    "No of PLI Policy procurred_Male": 194,
    "No of PLI Policy procurred_Female": 215,
    "No of PLI Policy procurred_Others": 0,
    "No of RPLI Policy procurred_Male": 215,
    "No of RPLI Policy procurred_Female": 364,
    "No of RPLI Policy procurred_Others": 0
  },
  {
    "Date of Transaction": "22-05-2024",
    "No of PLI Policy procurred_Male": 364,
    "No of PLI Policy procurred_Female": 364,
    "No of PLI Policy procurred_Others": 0,
    "No of RPLI Policy procurred_Male": 504,
    "No of RPLI Policy procurred_Female": 639,
    "No of RPLI Policy procurred_Others": 0
  },
  {
    "Date of Transaction": "23-05-2024",
    "No of PLI Policy procurred_Male": 7,
    "No of PLI Policy procurred_Female": 14,
    "No of PLI Policy procurred_Others": 0,
    "No of RPLI Policy procurred_Male": 45,
    "No of RPLI Policy procurred_Female": 41,
    "No of RPLI Policy procurred_Others": 0
  },
  {
    "Date of Transaction": "24-05-2024",
    "No of PLI Policy procurred_Male": 462,
    "No of PLI Policy procurred_Female": 439,
    "No of PLI Policy procurred_Others": 0,
    "No of RPLI Policy procurred_Male": 567,
    "No of RPLI Policy procurred_Female": 666,
    "No of RPLI Policy procurred_Others": 0
  },
  {
    "Date of Transaction": "25-05-2024",
    "No of PLI Policy procurred_Male": 441,
    "No of PLI Policy procurred_Female": 419,
    "No of PLI Policy procurred_Others": 0,
    "No of RPLI Policy procurred_Male": 519,
    "No of RPLI Policy procurred_Female": 606,
    "No of RPLI Policy procurred_Others": 0
  },
  {
    "Date of Transaction": "26-05-2024",
    "No of PLI Policy procurred_Male": 2,
    "No of PLI Policy procurred_Female": 1,
    "No of PLI Policy procurred_Others": 0,
    "No of RPLI Policy procurred_Male": 3,
    "No of RPLI Policy procurred_Female": 6,
    "No of RPLI Policy procurred_Others": 0
  },
  {
    "Date of Transaction": "27-05-2024",
    "No of PLI Policy procurred_Male": 550,
    "No of PLI Policy procurred_Female": 443,
    "No of PLI Policy procurred_Others": 0,
    "No of RPLI Policy procurred_Male": 743,
    "No of RPLI Policy procurred_Female": 907,
    "No of RPLI Policy procurred_Others": 0
  },
  {
    "Date of Transaction": "28-05-2024",
    "No of PLI Policy procurred_Male": 718,
    "No of PLI Policy procurred_Female": 640,
    "No of PLI Policy procurred_Others": 0,
    "No of RPLI Policy procurred_Male": 969,
    "No of RPLI Policy procurred_Female": 1115,
    "No of RPLI Policy procurred_Others": 0
  },
  {
    "Date of Transaction": "29-05-2024",
    "No of PLI Policy procurred_Male": 710,
    "No of PLI Policy procurred_Female": 617,
    "No of PLI Policy procurred_Others": 0,
    "No of RPLI Policy procurred_Male": 839,
    "No of RPLI Policy procurred_Female": 1009,
    "No of RPLI Policy procurred_Others": 0
  },
  {
    "Date of Transaction": "30-05-2024",
    "No of PLI Policy procurred_Male": 787,
    "No of PLI Policy procurred_Female": 733,
    "No of PLI Policy procurred_Others": 1,
    "No of RPLI Policy procurred_Male": 1272,
    "No of RPLI Policy procurred_Female": 1634,
    "No of RPLI Policy procurred_Others": 0
  },
  {
    "Date of Transaction": "31-05-2024",
    "No of PLI Policy procurred_Male": 886,
    "No of PLI Policy procurred_Female": 713,
    "No of PLI Policy procurred_Others": 0,
    "No of RPLI Policy procurred_Male": 1375,
    "No of RPLI Policy procurred_Female": 1517,
    "No of RPLI Policy procurred_Others": 0
  },
  {
    "Date of Transaction": "01-06-2024",
    "No of PLI Policy procurred_Male": 474,
    "No of PLI Policy procurred_Female": 394,
    "No of PLI Policy procurred_Others": 0,
    "No of RPLI Policy procurred_Male": 755,
    "No of RPLI Policy procurred_Female": 675,
    "No of RPLI Policy procurred_Others": 0
  },
  {
    "Date of Transaction": "02-06-2024",
    "No of PLI Policy procurred_Male": 5,
    "No of PLI Policy procurred_Female": 8,
    "No of PLI Policy procurred_Others": 0,
    "No of RPLI Policy procurred_Male": 16,
    "No of RPLI Policy procurred_Female": 18,
    "No of RPLI Policy procurred_Others": 0
  },
  {
    "Date of Transaction": "03-06-2024",
    "No of PLI Policy procurred_Male": 468,
    "No of PLI Policy procurred_Female": 381,
    "No of PLI Policy procurred_Others": 0,
    "No of RPLI Policy procurred_Male": 691,
    "No of RPLI Policy procurred_Female": 685,
    "No of RPLI Policy procurred_Others": 0
  },
  {
    "Date of Transaction": "04-06-2024",
    "No of PLI Policy procurred_Male": 482,
    "No of PLI Policy procurred_Female": 403,
    "No of PLI Policy procurred_Others": 0,
    "No of RPLI Policy procurred_Male": 842,
    "No of RPLI Policy procurred_Female": 780,
    "No of RPLI Policy procurred_Others": 0
  },
  {
    "Date of Transaction": "05-06-2024",
    "No of PLI Policy procurred_Male": 740,
    "No of PLI Policy procurred_Female": 630,
    "No of PLI Policy procurred_Others": 0,
    "No of RPLI Policy procurred_Male": 1203,
    "No of RPLI Policy procurred_Female": 1191,
    "No of RPLI Policy procurred_Others": 1
  },
  {
    "Date of Transaction": "06-06-2024",
    "No of PLI Policy procurred_Male": 821,
    "No of PLI Policy procurred_Female": 621,
    "No of PLI Policy procurred_Others": 0,
    "No of RPLI Policy procurred_Male": 1293,
    "No of RPLI Policy procurred_Female": 1355,
    "No of RPLI Policy procurred_Others": 0
  },
  {
    "Date of Transaction": "07-06-2024",
    "No of PLI Policy procurred_Male": 733,
    "No of PLI Policy procurred_Female": 626,
    "No of PLI Policy procurred_Others": 0,
    "No of RPLI Policy procurred_Male": 1224,
    "No of RPLI Policy procurred_Female": 1218,
    "No of RPLI Policy procurred_Others": 1
  },
  {
    "Date of Transaction": "08-06-2024",
    "No of PLI Policy procurred_Male": 751,
    "No of PLI Policy procurred_Female": 699,
    "No of PLI Policy procurred_Others": 0,
    "No of RPLI Policy procurred_Male": 1117,
    "No of RPLI Policy procurred_Female": 1154,
    "No of RPLI Policy procurred_Others": 0
  },
  {
    "Date of Transaction": "09-06-2024",
    "No of PLI Policy procurred_Male": 6,
    "No of PLI Policy procurred_Female": 6,
    "No of PLI Policy procurred_Others": 0,
    "No of RPLI Policy procurred_Male": 1,
    "No of RPLI Policy procurred_Female": 0,
    "No of RPLI Policy procurred_Others": 0
  },
  {
    "Date of Transaction": "10-06-2024",
    "No of PLI Policy procurred_Male": 745,
    "No of PLI Policy procurred_Female": 606,
    "No of PLI Policy procurred_Others": 0,
    "No of RPLI Policy procurred_Male": 1202,
    "No of RPLI Policy procurred_Female": 1191,
    "No of RPLI Policy procurred_Others": 0
  },
  {
    "Date of Transaction": "11-06-2024",
    "No of PLI Policy procurred_Male": 795,
    "No of PLI Policy procurred_Female": 640,
    "No of PLI Policy procurred_Others": 0,
    "No of RPLI Policy procurred_Male": 1483,
    "No of RPLI Policy procurred_Female": 1571,
    "No of RPLI Policy procurred_Others": 0
  },
  {
    "Date of Transaction": "12-06-2024",
    "No of PLI Policy procurred_Male": 733,
    "No of PLI Policy procurred_Female": 613,
    "No of PLI Policy procurred_Others": 0,
    "No of RPLI Policy procurred_Male": 1203,
    "No of RPLI Policy procurred_Female": 1333,
    "No of RPLI Policy procurred_Others": 0
  },
  {
    "Date of Transaction": "13-06-2024",
    "No of PLI Policy procurred_Male": 954,
    "No of PLI Policy procurred_Female": 840,
    "No of PLI Policy procurred_Others": 0,
    "No of RPLI Policy procurred_Male": 1623,
    "No of RPLI Policy procurred_Female": 1777,
    "No of RPLI Policy procurred_Others": 0
  },
  {
    "Date of Transaction": "14-06-2024",
    "No of PLI Policy procurred_Male": 940,
    "No of PLI Policy procurred_Female": 845,
    "No of PLI Policy procurred_Others": 0,
    "No of RPLI Policy procurred_Male": 1357,
    "No of RPLI Policy procurred_Female": 1445,
    "No of RPLI Policy procurred_Others": 0
  },
  {
    "Date of Transaction": "15-06-2024",
    "No of PLI Policy procurred_Male": 929,
    "No of PLI Policy procurred_Female": 821,
    "No of PLI Policy procurred_Others": 0,
    "No of RPLI Policy procurred_Male": 1405,
    "No of RPLI Policy procurred_Female": 1429,
    "No of RPLI Policy procurred_Others": 0
  },
  {
    "Date of Transaction": "16-06-2024",
    "No of PLI Policy procurred_Male": 29,
    "No of PLI Policy procurred_Female": 21,
    "No of PLI Policy procurred_Others": 0,
    "No of RPLI Policy procurred_Male": 68,
    "No of RPLI Policy procurred_Female": 75,
    "No of RPLI Policy procurred_Others": 0
  },
  {
    "Date of Transaction": "17-06-2024",
    "No of PLI Policy procurred_Male": 1,
    "No of PLI Policy procurred_Female": 5,
    "No of PLI Policy procurred_Others": 0,
    "No of RPLI Policy procurred_Male": 7,
    "No of RPLI Policy procurred_Female": 26,
    "No of RPLI Policy procurred_Others": 0
  },
  {
    "Date of Transaction": "18-06-2024",
    "No of PLI Policy procurred_Male": 1006,
    "No of PLI Policy procurred_Female": 840,
    "No of PLI Policy procurred_Others": 0,
    "No of RPLI Policy procurred_Male": 1482,
    "No of RPLI Policy procurred_Female": 1452,
    "No of RPLI Policy procurred_Others": 0
  },
  {
    "Date of Transaction": "19-06-2024",
    "No of PLI Policy procurred_Male": 1092,
    "No of PLI Policy procurred_Female": 914,
    "No of PLI Policy procurred_Others": 1,
    "No of RPLI Policy procurred_Male": 1416,
    "No of RPLI Policy procurred_Female": 1512,
    "No of RPLI Policy procurred_Others": 0
  },
  {
    "Date of Transaction": "20-06-2024",
    "No of PLI Policy procurred_Male": 1061,
    "No of PLI Policy procurred_Female": 948,
    "No of PLI Policy procurred_Others": 1,
    "No of RPLI Policy procurred_Male": 1546,
    "No of RPLI Policy procurred_Female": 1531,
    "No of RPLI Policy procurred_Others": 0
  },
  {
    "Date of Transaction": "21-06-2024",
    "No of PLI Policy procurred_Male": 1096,
    "No of PLI Policy procurred_Female": 900,
    "No of PLI Policy procurred_Others": 0,
    "No of RPLI Policy procurred_Male": 1630,
    "No of RPLI Policy procurred_Female": 1822,
    "No of RPLI Policy procurred_Others": 0
  },
  {
    "Date of Transaction": "22-06-2024",
    "No of PLI Policy procurred_Male": 1314,
    "No of PLI Policy procurred_Female": 1124,
    "No of PLI Policy procurred_Others": 0,
    "No of RPLI Policy procurred_Male": 2047,
    "No of RPLI Policy procurred_Female": 2159,
    "No of RPLI Policy procurred_Others": 0
  },
  {
    "Date of Transaction": "23-06-2024",
    "No of PLI Policy procurred_Male": 32,
    "No of PLI Policy procurred_Female": 31,
    "No of PLI Policy procurred_Others": 0,
    "No of RPLI Policy procurred_Male": 186,
    "No of RPLI Policy procurred_Female": 149,
    "No of RPLI Policy procurred_Others": 0
  },
  {
    "Date of Transaction": "24-06-2024",
    "No of PLI Policy procurred_Male": 1274,
    "No of PLI Policy procurred_Female": 1109,
    "No of PLI Policy procurred_Others": 0,
    "No of RPLI Policy procurred_Male": 1739,
    "No of RPLI Policy procurred_Female": 1884,
    "No of RPLI Policy procurred_Others": 1
  },
  {
    "Date of Transaction": "25-06-2024",
    "No of PLI Policy procurred_Male": 1147,
    "No of PLI Policy procurred_Female": 888,
    "No of PLI Policy procurred_Others": 0,
    "No of RPLI Policy procurred_Male": 1871,
    "No of RPLI Policy procurred_Female": 2021,
    "No of RPLI Policy procurred_Others": 0
  },
  {
    "Date of Transaction": "26-06-2024",
    "No of PLI Policy procurred_Male": 1184,
    "No of PLI Policy procurred_Female": 888,
    "No of PLI Policy procurred_Others": 0,
    "No of RPLI Policy procurred_Male": 1885,
    "No of RPLI Policy procurred_Female": 1886,
    "No of RPLI Policy procurred_Others": 0
  },
  {
    "Date of Transaction": "27-06-2024",
    "No of PLI Policy procurred_Male": 1137,
    "No of PLI Policy procurred_Female": 976,
    "No of PLI Policy procurred_Others": 0,
    "No of RPLI Policy procurred_Male": 2058,
    "No of RPLI Policy procurred_Female": 2011,
    "No of RPLI Policy procurred_Others": 0
  },
  {
    "Date of Transaction": "28-06-2024",
    "No of PLI Policy procurred_Male": 1244,
    "No of PLI Policy procurred_Female": 1042,
    "No of PLI Policy procurred_Others": 0,
    "No of RPLI Policy procurred_Male": 2080,
    "No of RPLI Policy procurred_Female": 2124,
    "No of RPLI Policy procurred_Others": 0
  },
  {
    "Date of Transaction": "29-06-2024",
    "No of PLI Policy procurred_Male": 1363,
    "No of PLI Policy procurred_Female": 1201,
    "No of PLI Policy procurred_Others": 0,
    "No of RPLI Policy procurred_Male": 2834,
    "No of RPLI Policy procurred_Female": 3136,
    "No of RPLI Policy procurred_Others": 0
  },
  {
    "Date of Transaction": "30-06-2024",
    "No of PLI Policy procurred_Male": 97,
    "No of PLI Policy procurred_Female": 53,
    "No of PLI Policy procurred_Others": 0,
    "No of RPLI Policy procurred_Male": 214,
    "No of RPLI Policy procurred_Female": 177,
    "No of RPLI Policy procurred_Others": 0
  },
  {
    "Date of Transaction": "01-07-2024",
    "No of PLI Policy procurred_Male": 710,
    "No of PLI Policy procurred_Female": 542,
    "No of PLI Policy procurred_Others": 0,
    "No of RPLI Policy procurred_Male": 1318,
    "No of RPLI Policy procurred_Female": 1308,
    "No of RPLI Policy procurred_Others": 0
  },
  {
    "Date of Transaction": "02-07-2024",
    "No of PLI Policy procurred_Male": 809,
    "No of PLI Policy procurred_Female": 680,
    "No of PLI Policy procurred_Others": 0,
    "No of RPLI Policy procurred_Male": 1696,
    "No of RPLI Policy procurred_Female": 1717,
    "No of RPLI Policy procurred_Others": 0
  },
  {
    "Date of Transaction": "03-07-2024",
    "No of PLI Policy procurred_Male": 899,
    "No of PLI Policy procurred_Female": 735,
    "No of PLI Policy procurred_Others": 0,
    "No of RPLI Policy procurred_Male": 1948,
    "No of RPLI Policy procurred_Female": 1994,
    "No of RPLI Policy procurred_Others": 0
  },
  {
    "Date of Transaction": "04-07-2024",
    "No of PLI Policy procurred_Male": 1001,
    "No of PLI Policy procurred_Female": 852,
    "No of PLI Policy procurred_Others": 0,
    "No of RPLI Policy procurred_Male": 1972,
    "No of RPLI Policy procurred_Female": 1860,
    "No of RPLI Policy procurred_Others": 1
  },
  {
    "Date of Transaction": "05-07-2024",
    "No of PLI Policy procurred_Male": 996,
    "No of PLI Policy procurred_Female": 780,
    "No of PLI Policy procurred_Others": 0,
    "No of RPLI Policy procurred_Male": 2079,
    "No of RPLI Policy procurred_Female": 2040,
    "No of RPLI Policy procurred_Others": 0
  },
  {
    "Date of Transaction": "06-07-2024",
    "No of PLI Policy procurred_Male": 981,
    "No of PLI Policy procurred_Female": 826,
    "No of PLI Policy procurred_Others": 0,
    "No of RPLI Policy procurred_Male": 1974,
    "No of RPLI Policy procurred_Female": 1936,
    "No of RPLI Policy procurred_Others": 0
  },
  {
    "Date of Transaction": "07-07-2024",
    "No of PLI Policy procurred_Male": 7,
    "No of PLI Policy procurred_Female": 10,
    "No of PLI Policy procurred_Others": 0,
    "No of RPLI Policy procurred_Male": 33,
    "No of RPLI Policy procurred_Female": 29,
    "No of RPLI Policy procurred_Others": 0
  },
  {
    "Date of Transaction": "08-07-2024",
    "No of PLI Policy procurred_Male": 1058,
    "No of PLI Policy procurred_Female": 849,
    "No of PLI Policy procurred_Others": 0,
    "No of RPLI Policy procurred_Male": 2212,
    "No of RPLI Policy procurred_Female": 2133,
    "No of RPLI Policy procurred_Others": 0
  },
  {
    "Date of Transaction": "09-07-2024",
    "No of PLI Policy procurred_Male": 1091,
    "No of PLI Policy procurred_Female": 953,
    "No of PLI Policy procurred_Others": 0,
    "No of RPLI Policy procurred_Male": 2138,
    "No of RPLI Policy procurred_Female": 1908,
    "No of RPLI Policy procurred_Others": 1
  },
  {
    "Date of Transaction": "10-07-2024",
    "No of PLI Policy procurred_Male": 1161,
    "No of PLI Policy procurred_Female": 882,
    "No of PLI Policy procurred_Others": 0,
    "No of RPLI Policy procurred_Male": 2102,
    "No of RPLI Policy procurred_Female": 1995,
    "No of RPLI Policy procurred_Others": 0
  },
  {
    "Date of Transaction": "11-07-2024",
    "No of PLI Policy procurred_Male": 1178,
    "No of PLI Policy procurred_Female": 839,
    "No of PLI Policy procurred_Others": 0,
    "No of RPLI Policy procurred_Male": 2120,
    "No of RPLI Policy procurred_Female": 1880,
    "No of RPLI Policy procurred_Others": 0
  },
  {
    "Date of Transaction": "12-07-2024",
    "No of PLI Policy procurred_Male": 1185,
    "No of PLI Policy procurred_Female": 936,
    "No of PLI Policy procurred_Others": 0,
    "No of RPLI Policy procurred_Male": 1934,
    "No of RPLI Policy procurred_Female": 1904,
    "No of RPLI Policy procurred_Others": 1
  },
  {
    "Date of Transaction": "13-07-2024",
    "No of PLI Policy procurred_Male": 1262,
    "No of PLI Policy procurred_Female": 957,
    "No of PLI Policy procurred_Others": 0,
    "No of RPLI Policy procurred_Male": 2070,
    "No of RPLI Policy procurred_Female": 2021,
    "No of RPLI Policy procurred_Others": 0
  },
  {
    "Date of Transaction": "14-07-2024",
    "No of PLI Policy procurred_Male": 35,
    "No of PLI Policy procurred_Female": 15,
    "No of PLI Policy procurred_Others": 0,
    "No of RPLI Policy procurred_Male": 69,
    "No of RPLI Policy procurred_Female": 40,
    "No of RPLI Policy procurred_Others": 0
  },
  {
    "Date of Transaction": "15-07-2024",
    "No of PLI Policy procurred_Male": 1281,
    "No of PLI Policy procurred_Female": 957,
    "No of PLI Policy procurred_Others": 0,
    "No of RPLI Policy procurred_Male": 2021,
    "No of RPLI Policy procurred_Female": 2077,
    "No of RPLI Policy procurred_Others": 1
  },
  {
    "Date of Transaction": "16-07-2024",
    "No of PLI Policy procurred_Male": 1493,
    "No of PLI Policy procurred_Female": 1051,
    "No of PLI Policy procurred_Others": 0,
    "No of RPLI Policy procurred_Male": 2260,
    "No of RPLI Policy procurred_Female": 2150,
    "No of RPLI Policy procurred_Others": 0
  },
  {
    "Date of Transaction": "17-07-2024",
    "No of PLI Policy procurred_Male": 88,
    "No of PLI Policy procurred_Female": 133,
    "No of PLI Policy procurred_Others": 0,
    "No of RPLI Policy procurred_Male": 182,
    "No of RPLI Policy procurred_Female": 241,
    "No of RPLI Policy procurred_Others": 0
  },
  {
    "Date of Transaction": "18-07-2024",
    "No of PLI Policy procurred_Male": 1345,
    "No of PLI Policy procurred_Female": 951,
    "No of PLI Policy procurred_Others": 0,
    "No of RPLI Policy procurred_Male": 2002,
    "No of RPLI Policy procurred_Female": 1983,
    "No of RPLI Policy procurred_Others": 0
  },
  {
    "Date of Transaction": "19-07-2024",
    "No of PLI Policy procurred_Male": 1347,
    "No of PLI Policy procurred_Female": 1054,
    "No of PLI Policy procurred_Others": 1,
    "No of RPLI Policy procurred_Male": 2007,
    "No of RPLI Policy procurred_Female": 2072,
    "No of RPLI Policy procurred_Others": 1
  },
  {
    "Date of Transaction": "20-07-2024",
    "No of PLI Policy procurred_Male": 1393,
    "No of PLI Policy procurred_Female": 1149,
    "No of PLI Policy procurred_Others": 0,
    "No of RPLI Policy procurred_Male": 2321,
    "No of RPLI Policy procurred_Female": 2430,
    "No of RPLI Policy procurred_Others": 0
  },
  {
    "Date of Transaction": "21-07-2024",
    "No of PLI Policy procurred_Male": 51,
    "No of PLI Policy procurred_Female": 25,
    "No of PLI Policy procurred_Others": 0,
    "No of RPLI Policy procurred_Male": 160,
    "No of RPLI Policy procurred_Female": 88,
    "No of RPLI Policy procurred_Others": 0
  },
  {
    "Date of Transaction": "22-07-2024",
    "No of PLI Policy procurred_Male": 1214,
    "No of PLI Policy procurred_Female": 917,
    "No of PLI Policy procurred_Others": 0,
    "No of RPLI Policy procurred_Male": 2158,
    "No of RPLI Policy procurred_Female": 2269,
    "No of RPLI Policy procurred_Others": 0
  },
  {
    "Date of Transaction": "23-07-2024",
    "No of PLI Policy procurred_Male": 1149,
    "No of PLI Policy procurred_Female": 960,
    "No of PLI Policy procurred_Others": 1,
    "No of RPLI Policy procurred_Male": 1952,
    "No of RPLI Policy procurred_Female": 2034,
    "No of RPLI Policy procurred_Others": 0
  },
  {
    "Date of Transaction": "24-07-2024",
    "No of PLI Policy procurred_Male": 1231,
    "No of PLI Policy procurred_Female": 1063,
    "No of PLI Policy procurred_Others": 0,
    "No of RPLI Policy procurred_Male": 2048,
    "No of RPLI Policy procurred_Female": 2283,
    "No of RPLI Policy procurred_Others": 0
  },
  {
    "Date of Transaction": "25-07-2024",
    "No of PLI Policy procurred_Male": 1281,
    "No of PLI Policy procurred_Female": 1050,
    "No of PLI Policy procurred_Others": 0,
    "No of RPLI Policy procurred_Male": 2044,
    "No of RPLI Policy procurred_Female": 2028,
    "No of RPLI Policy procurred_Others": 0
  },
  {
    "Date of Transaction": "26-07-2024",
    "No of PLI Policy procurred_Male": 1331,
    "No of PLI Policy procurred_Female": 1135,
    "No of PLI Policy procurred_Others": 1,
    "No of RPLI Policy procurred_Male": 2371,
    "No of RPLI Policy procurred_Female": 2232,
    "No of RPLI Policy procurred_Others": 1
  },
  {
    "Date of Transaction": "27-07-2024",
    "No of PLI Policy procurred_Male": 1299,
    "No of PLI Policy procurred_Female": 1053,
    "No of PLI Policy procurred_Others": 0,
    "No of RPLI Policy procurred_Male": 2273,
    "No of RPLI Policy procurred_Female": 2535,
    "No of RPLI Policy procurred_Others": 1
  },
  {
    "Date of Transaction": "28-07-2024",
    "No of PLI Policy procurred_Male": 55,
    "No of PLI Policy procurred_Female": 23,
    "No of PLI Policy procurred_Others": 0,
    "No of RPLI Policy procurred_Male": 88,
    "No of RPLI Policy procurred_Female": 52,
    "No of RPLI Policy procurred_Others": 0
  },
  {
    "Date of Transaction": "29-07-2024",
    "No of PLI Policy procurred_Male": 1271,
    "No of PLI Policy procurred_Female": 1039,
    "No of PLI Policy procurred_Others": 0,
    "No of RPLI Policy procurred_Male": 2304,
    "No of RPLI Policy procurred_Female": 2353,
    "No of RPLI Policy procurred_Others": 1
  },
  {
    "Date of Transaction": "30-07-2024",
    "No of PLI Policy procurred_Male": 1606,
    "No of PLI Policy procurred_Female": 1225,
    "No of PLI Policy procurred_Others": 0,
    "No of RPLI Policy procurred_Male": 2907,
    "No of RPLI Policy procurred_Female": 3018,
    "No of RPLI Policy procurred_Others": 0
  },
  {
    "Date of Transaction": "31-07-2024",
    "No of PLI Policy procurred_Male": 1637,
    "No of PLI Policy procurred_Female": 1343,
    "No of PLI Policy procurred_Others": 0,
    "No of RPLI Policy procurred_Male": 3409,
    "No of RPLI Policy procurred_Female": 3602,
    "No of RPLI Policy procurred_Others": 0
  },
  {
    "Date of Transaction": "01-08-2024",
    "No of PLI Policy procurred_Male": 872,
    "No of PLI Policy procurred_Female": 649,
    "No of PLI Policy procurred_Others": 0,
    "No of RPLI Policy procurred_Male": 1731,
    "No of RPLI Policy procurred_Female": 1708,
    "No of RPLI Policy procurred_Others": 0
  },
  {
    "Date of Transaction": "02-08-2024",
    "No of PLI Policy procurred_Male": 1042,
    "No of PLI Policy procurred_Female": 791,
    "No of PLI Policy procurred_Others": 0,
    "No of RPLI Policy procurred_Male": 1960,
    "No of RPLI Policy procurred_Female": 1882,
    "No of RPLI Policy procurred_Others": 0
  },
  {
    "Date of Transaction": "03-08-2024",
    "No of PLI Policy procurred_Male": 910,
    "No of PLI Policy procurred_Female": 725,
    "No of PLI Policy procurred_Others": 1,
    "No of RPLI Policy procurred_Male": 2046,
    "No of RPLI Policy procurred_Female": 1994,
    "No of RPLI Policy procurred_Others": 0
  },
  {
    "Date of Transaction": "04-08-2024",
    "No of PLI Policy procurred_Male": 32,
    "No of PLI Policy procurred_Female": 27,
    "No of PLI Policy procurred_Others": 0,
    "No of RPLI Policy procurred_Male": 50,
    "No of RPLI Policy procurred_Female": 47,
    "No of RPLI Policy procurred_Others": 0
  },
  {
    "Date of Transaction": "05-08-2024",
    "No of PLI Policy procurred_Male": 926,
    "No of PLI Policy procurred_Female": 709,
    "No of PLI Policy procurred_Others": 0,
    "No of RPLI Policy procurred_Male": 1967,
    "No of RPLI Policy procurred_Female": 2024,
    "No of RPLI Policy procurred_Others": 0
  },
  {
    "Date of Transaction": "06-08-2024",
    "No of PLI Policy procurred_Male": 1121,
    "No of PLI Policy procurred_Female": 894,
    "No of PLI Policy procurred_Others": 0,
    "No of RPLI Policy procurred_Male": 1930,
    "No of RPLI Policy procurred_Female": 1987,
    "No of RPLI Policy procurred_Others": 0
  },
  {
    "Date of Transaction": "07-08-2024",
    "No of PLI Policy procurred_Male": 989,
    "No of PLI Policy procurred_Female": 760,
    "No of PLI Policy procurred_Others": 0,
    "No of RPLI Policy procurred_Male": 1705,
    "No of RPLI Policy procurred_Female": 1656,
    "No of RPLI Policy procurred_Others": 0
  },
  {
    "Date of Transaction": "08-08-2024",
    "No of PLI Policy procurred_Male": 1188,
    "No of PLI Policy procurred_Female": 843,
    "No of PLI Policy procurred_Others": 0,
    "No of RPLI Policy procurred_Male": 2066,
    "No of RPLI Policy procurred_Female": 2159,
    "No of RPLI Policy procurred_Others": 0
  },
  {
    "Date of Transaction": "09-08-2024",
    "No of PLI Policy procurred_Male": 1309,
    "No of PLI Policy procurred_Female": 1026,
    "No of PLI Policy procurred_Others": 0,
    "No of RPLI Policy procurred_Male": 2077,
    "No of RPLI Policy procurred_Female": 1976,
    "No of RPLI Policy procurred_Others": 0
  },
  {
    "Date of Transaction": "10-08-2024",
    "No of PLI Policy procurred_Male": 1366,
    "No of PLI Policy procurred_Female": 1114,
    "No of PLI Policy procurred_Others": 0,
    "No of RPLI Policy procurred_Male": 2002,
    "No of RPLI Policy procurred_Female": 1920,
    "No of RPLI Policy procurred_Others": 0
  },
  {
    "Date of Transaction": "11-08-2024",
    "No of PLI Policy procurred_Male": 12,
    "No of PLI Policy procurred_Female": 14,
    "No of PLI Policy procurred_Others": 0,
    "No of RPLI Policy procurred_Male": 35,
    "No of RPLI Policy procurred_Female": 47,
    "No of RPLI Policy procurred_Others": 0
  },
  {
    "Date of Transaction": "12-08-2024",
    "No of PLI Policy procurred_Male": 1317,
    "No of PLI Policy procurred_Female": 1075,
    "No of PLI Policy procurred_Others": 0,
    "No of RPLI Policy procurred_Male": 2033,
    "No of RPLI Policy procurred_Female": 2109,
    "No of RPLI Policy procurred_Others": 0
  },
  {
    "Date of Transaction": "13-08-2024",
    "No of PLI Policy procurred_Male": 1233,
    "No of PLI Policy procurred_Female": 1098,
    "No of PLI Policy procurred_Others": 0,
    "No of RPLI Policy procurred_Male": 2069,
    "No of RPLI Policy procurred_Female": 2101,
    "No of RPLI Policy procurred_Others": 0
  },
  {
    "Date of Transaction": "14-08-2024",
    "No of PLI Policy procurred_Male": 1428,
    "No of PLI Policy procurred_Female": 1200,
    "No of PLI Policy procurred_Others": 0,
    "No of RPLI Policy procurred_Male": 2248,
    "No of RPLI Policy procurred_Female": 2296,
    "No of RPLI Policy procurred_Others": 0
  },
  {
    "Date of Transaction": "15-08-2024",
    "No of PLI Policy procurred_Male": 8,
    "No of PLI Policy procurred_Female": 4,
    "No of PLI Policy procurred_Others": 0,
    "No of RPLI Policy procurred_Male": 4,
    "No of RPLI Policy procurred_Female": 11,
    "No of RPLI Policy procurred_Others": 0
  },
  {
    "Date of Transaction": "16-08-2024",
    "No of PLI Policy procurred_Male": 1317,
    "No of PLI Policy procurred_Female": 944,
    "No of PLI Policy procurred_Others": 0,
    "No of RPLI Policy procurred_Male": 1966,
    "No of RPLI Policy procurred_Female": 1952,
    "No of RPLI Policy procurred_Others": 0
  },
  {
    "Date of Transaction": "17-08-2024",
    "No of PLI Policy procurred_Male": 1288,
    "No of PLI Policy procurred_Female": 983,
    "No of PLI Policy procurred_Others": 0,
    "No of RPLI Policy procurred_Male": 2066,
    "No of RPLI Policy procurred_Female": 1926,
    "No of RPLI Policy procurred_Others": 0
  },
  {
    "Date of Transaction": "18-08-2024",
    "No of PLI Policy procurred_Male": 32,
    "No of PLI Policy procurred_Female": 20,
    "No of PLI Policy procurred_Others": 0,
    "No of RPLI Policy procurred_Male": 107,
    "No of RPLI Policy procurred_Female": 52,
    "No of RPLI Policy procurred_Others": 0
  },
  {
    "Date of Transaction": "19-08-2024",
    "No of PLI Policy procurred_Male": 806,
    "No of PLI Policy procurred_Female": 674,
    "No of PLI Policy procurred_Others": 0,
    "No of RPLI Policy procurred_Male": 1318,
    "No of RPLI Policy procurred_Female": 1417,
    "No of RPLI Policy procurred_Others": 0
  },
  {
    "Date of Transaction": "20-08-2024",
    "No of PLI Policy procurred_Male": 1247,
    "No of PLI Policy procurred_Female": 1015,
    "No of PLI Policy procurred_Others": 0,
    "No of RPLI Policy procurred_Male": 1951,
    "No of RPLI Policy procurred_Female": 1926,
    "No of RPLI Policy procurred_Others": 1
  },
  {
    "Date of Transaction": "21-08-2024",
    "No of PLI Policy procurred_Male": 1156,
    "No of PLI Policy procurred_Female": 859,
    "No of PLI Policy procurred_Others": 1,
    "No of RPLI Policy procurred_Male": 1663,
    "No of RPLI Policy procurred_Female": 1718,
    "No of RPLI Policy procurred_Others": 0
  },
  {
    "Date of Transaction": "22-08-2024",
    "No of PLI Policy procurred_Male": 1357,
    "No of PLI Policy procurred_Female": 1027,
    "No of PLI Policy procurred_Others": 0,
    "No of RPLI Policy procurred_Male": 1920,
    "No of RPLI Policy procurred_Female": 1976,
    "No of RPLI Policy procurred_Others": 1
  },
  {
    "Date of Transaction": "23-08-2024",
    "No of PLI Policy procurred_Male": 1046,
    "No of PLI Policy procurred_Female": 959,
    "No of PLI Policy procurred_Others": 0,
    "No of RPLI Policy procurred_Male": 1870,
    "No of RPLI Policy procurred_Female": 1852,
    "No of RPLI Policy procurred_Others": 1
  },
  {
    "Date of Transaction": "24-08-2024",
    "No of PLI Policy procurred_Male": 1124,
    "No of PLI Policy procurred_Female": 929,
    "No of PLI Policy procurred_Others": 0,
    "No of RPLI Policy procurred_Male": 1804,
    "No of RPLI Policy procurred_Female": 1830,
    "No of RPLI Policy procurred_Others": 0
  },
  {
    "Date of Transaction": "25-08-2024",
    "No of PLI Policy procurred_Male": 77,
    "No of PLI Policy procurred_Female": 51,
    "No of PLI Policy procurred_Others": 0,
    "No of RPLI Policy procurred_Male": 110,
    "No of RPLI Policy procurred_Female": 133,
    "No of RPLI Policy procurred_Others": 0
  },
  {
    "Date of Transaction": "26-08-2024",
    "No of PLI Policy procurred_Male": 930,
    "No of PLI Policy procurred_Female": 986,
    "No of PLI Policy procurred_Others": 0,
    "No of RPLI Policy procurred_Male": 1382,
    "No of RPLI Policy procurred_Female": 1738,
    "No of RPLI Policy procurred_Others": 0
  },
  {
    "Date of Transaction": "27-08-2024",
    "No of PLI Policy procurred_Male": 1346,
    "No of PLI Policy procurred_Female": 1177,
    "No of PLI Policy procurred_Others": 0,
    "No of RPLI Policy procurred_Male": 2102,
    "No of RPLI Policy procurred_Female": 2193,
    "No of RPLI Policy procurred_Others": 0
  },
  {
    "Date of Transaction": "28-08-2024",
    "No of PLI Policy procurred_Male": 1448,
    "No of PLI Policy procurred_Female": 1193,
    "No of PLI Policy procurred_Others": 0,
    "No of RPLI Policy procurred_Male": 2618,
    "No of RPLI Policy procurred_Female": 2637,
    "No of RPLI Policy procurred_Others": 0
  },
  {
    "Date of Transaction": "29-08-2024",
    "No of PLI Policy procurred_Male": 1559,
    "No of PLI Policy procurred_Female": 1336,
    "No of PLI Policy procurred_Others": 0,
    "No of RPLI Policy procurred_Male": 2592,
    "No of RPLI Policy procurred_Female": 2590,
    "No of RPLI Policy procurred_Others": 0
  },
  {
    "Date of Transaction": "30-08-2024",
    "No of PLI Policy procurred_Male": 1468,
    "No of PLI Policy procurred_Female": 1339,
    "No of PLI Policy procurred_Others": 0,
    "No of RPLI Policy procurred_Male": 2802,
    "No of RPLI Policy procurred_Female": 3026,
    "No of RPLI Policy procurred_Others": 0
  },
  {
    "Date of Transaction": "31-08-2024",
    "No of PLI Policy procurred_Male": 1654,
    "No of PLI Policy procurred_Female": 1475,
    "No of PLI Policy procurred_Others": 0,
    "No of RPLI Policy procurred_Male": 3330,
    "No of RPLI Policy procurred_Female": 3634,
    "No of RPLI Policy procurred_Others": 0
  },
  {
    "Date of Transaction": "01-09-2024",
    "No of PLI Policy procurred_Male": 20,
    "No of PLI Policy procurred_Female": 18,
    "No of PLI Policy procurred_Others": 0,
    "No of RPLI Policy procurred_Male": 114,
    "No of RPLI Policy procurred_Female": 134,
    "No of RPLI Policy procurred_Others": 0
  },
  {
    "Date of Transaction": "02-09-2024",
    "No of PLI Policy procurred_Male": 787,
    "No of PLI Policy procurred_Female": 626,
    "No of PLI Policy procurred_Others": 0,
    "No of RPLI Policy procurred_Male": 1503,
    "No of RPLI Policy procurred_Female": 1602,
    "No of RPLI Policy procurred_Others": 0
  },
  {
    "Date of Transaction": "03-09-2024",
    "No of PLI Policy procurred_Male": 922,
    "No of PLI Policy procurred_Female": 790,
    "No of PLI Policy procurred_Others": 0,
    "No of RPLI Policy procurred_Male": 1778,
    "No of RPLI Policy procurred_Female": 1770,
    "No of RPLI Policy procurred_Others": 0
  },
  {
    "Date of Transaction": "04-09-2024",
    "No of PLI Policy procurred_Male": 992,
    "No of PLI Policy procurred_Female": 802,
    "No of PLI Policy procurred_Others": 0,
    "No of RPLI Policy procurred_Male": 2030,
    "No of RPLI Policy procurred_Female": 1990,
    "No of RPLI Policy procurred_Others": 1
  },
  {
    "Date of Transaction": "05-09-2024",
    "No of PLI Policy procurred_Male": 903,
    "No of PLI Policy procurred_Female": 756,
    "No of PLI Policy procurred_Others": 0,
    "No of RPLI Policy procurred_Male": 1917,
    "No of RPLI Policy procurred_Female": 1992,
    "No of RPLI Policy procurred_Others": 0
  },
  {
    "Date of Transaction": "06-09-2024",
    "No of PLI Policy procurred_Male": 906,
    "No of PLI Policy procurred_Female": 756,
    "No of PLI Policy procurred_Others": 0,
    "No of RPLI Policy procurred_Male": 1592,
    "No of RPLI Policy procurred_Female": 1637,
    "No of RPLI Policy procurred_Others": 1
  },
  {
    "Date of Transaction": "07-09-2024",
    "No of PLI Policy procurred_Male": 590,
    "No of PLI Policy procurred_Female": 411,
    "No of PLI Policy procurred_Others": 0,
    "No of RPLI Policy procurred_Male": 1281,
    "No of RPLI Policy procurred_Female": 1044,
    "No of RPLI Policy procurred_Others": 0
  },
  {
    "Date of Transaction": "08-09-2024",
    "No of PLI Policy procurred_Male": 13,
    "No of PLI Policy procurred_Female": 6,
    "No of PLI Policy procurred_Others": 0,
    "No of RPLI Policy procurred_Male": 19,
    "No of RPLI Policy procurred_Female": 7,
    "No of RPLI Policy procurred_Others": 0
  },
  {
    "Date of Transaction": "09-09-2024",
    "No of PLI Policy procurred_Male": 939,
    "No of PLI Policy procurred_Female": 760,
    "No of PLI Policy procurred_Others": 0,
    "No of RPLI Policy procurred_Male": 1702,
    "No of RPLI Policy procurred_Female": 1897,
    "No of RPLI Policy procurred_Others": 0
  },
  {
    "Date of Transaction": "10-09-2024",
    "No of PLI Policy procurred_Male": 1015,
    "No of PLI Policy procurred_Female": 783,
    "No of PLI Policy procurred_Others": 0,
    "No of RPLI Policy procurred_Male": 2159,
    "No of RPLI Policy procurred_Female": 2117,
    "No of RPLI Policy procurred_Others": 0
  },
  {
    "Date of Transaction": "11-09-2024",
    "No of PLI Policy procurred_Male": 1137,
    "No of PLI Policy procurred_Female": 933,
    "No of PLI Policy procurred_Others": 0,
    "No of RPLI Policy procurred_Male": 1883,
    "No of RPLI Policy procurred_Female": 2070,
    "No of RPLI Policy procurred_Others": 0
  },
  {
    "Date of Transaction": "12-09-2024",
    "No of PLI Policy procurred_Male": 1215,
    "No of PLI Policy procurred_Female": 984,
    "No of PLI Policy procurred_Others": 1,
    "No of RPLI Policy procurred_Male": 1814,
    "No of RPLI Policy procurred_Female": 1950,
    "No of RPLI Policy procurred_Others": 1
  },
  {
    "Date of Transaction": "13-09-2024",
    "No of PLI Policy procurred_Male": 1294,
    "No of PLI Policy procurred_Female": 1052,
    "No of PLI Policy procurred_Others": 0,
    "No of RPLI Policy procurred_Male": 2211,
    "No of RPLI Policy procurred_Female": 2262,
    "No of RPLI Policy procurred_Others": 0
  },
  {
    "Date of Transaction": "14-09-2024",
    "No of PLI Policy procurred_Male": 1345,
    "No of PLI Policy procurred_Female": 1046,
    "No of PLI Policy procurred_Others": 0,
    "No of RPLI Policy procurred_Male": 2188,
    "No of RPLI Policy procurred_Female": 2301,
    "No of RPLI Policy procurred_Others": 0
  },
  {
    "Date of Transaction": "15-09-2024",
    "No of PLI Policy procurred_Male": 27,
    "No of PLI Policy procurred_Female": 11,
    "No of PLI Policy procurred_Others": 0,
    "No of RPLI Policy procurred_Male": 47,
    "No of RPLI Policy procurred_Female": 59,
    "No of RPLI Policy procurred_Others": 0
  },
  {
    "Date of Transaction": "16-09-2024",
    "No of PLI Policy procurred_Male": 355,
    "No of PLI Policy procurred_Female": 387,
    "No of PLI Policy procurred_Others": 0,
    "No of RPLI Policy procurred_Male": 334,
    "No of RPLI Policy procurred_Female": 506,
    "No of RPLI Policy procurred_Others": 0
  },
  {
    "Date of Transaction": "17-09-2024",
    "No of PLI Policy procurred_Male": 1005,
    "No of PLI Policy procurred_Female": 730,
    "No of PLI Policy procurred_Others": 1,
    "No of RPLI Policy procurred_Male": 1723,
    "No of RPLI Policy procurred_Female": 1735,
    "No of RPLI Policy procurred_Others": 0
  },
  {
    "Date of Transaction": "18-09-2024",
    "No of PLI Policy procurred_Male": 1419,
    "No of PLI Policy procurred_Female": 1190,
    "No of PLI Policy procurred_Others": 0,
    "No of RPLI Policy procurred_Male": 2224,
    "No of RPLI Policy procurred_Female": 2362,
    "No of RPLI Policy procurred_Others": 2
  },
  {
    "Date of Transaction": "19-09-2024",
    "No of PLI Policy procurred_Male": 1459,
    "No of PLI Policy procurred_Female": 1097,
    "No of PLI Policy procurred_Others": 1,
    "No of RPLI Policy procurred_Male": 2322,
    "No of RPLI Policy procurred_Female": 2548,
    "No of RPLI Policy procurred_Others": 1
  },
  {
    "Date of Transaction": "20-09-2024",
    "No of PLI Policy procurred_Male": 1503,
    "No of PLI Policy procurred_Female": 1252,
    "No of PLI Policy procurred_Others": 1,
    "No of RPLI Policy procurred_Male": 2341,
    "No of RPLI Policy procurred_Female": 2327,
    "No of RPLI Policy procurred_Others": 1
  },
  {
    "Date of Transaction": "21-09-2024",
    "No of PLI Policy procurred_Male": 1384,
    "No of PLI Policy procurred_Female": 1203,
    "No of PLI Policy procurred_Others": 1,
    "No of RPLI Policy procurred_Male": 2439,
    "No of RPLI Policy procurred_Female": 2594,
    "No of RPLI Policy procurred_Others": 1
  },
  {
    "Date of Transaction": "22-09-2024",
    "No of PLI Policy procurred_Male": 63,
    "No of PLI Policy procurred_Female": 55,
    "No of PLI Policy procurred_Others": 0,
    "No of RPLI Policy procurred_Male": 146,
    "No of RPLI Policy procurred_Female": 147,
    "No of RPLI Policy procurred_Others": 0
  },
  {
    "Date of Transaction": "23-09-2024",
    "No of PLI Policy procurred_Male": 1524,
    "No of PLI Policy procurred_Female": 1276,
    "No of PLI Policy procurred_Others": 0,
    "No of RPLI Policy procurred_Male": 2713,
    "No of RPLI Policy procurred_Female": 2957,
    "No of RPLI Policy procurred_Others": 0
  },
  {
    "Date of Transaction": "24-09-2024",
    "No of PLI Policy procurred_Male": 1417,
    "No of PLI Policy procurred_Female": 1101,
    "No of PLI Policy procurred_Others": 0,
    "No of RPLI Policy procurred_Male": 2619,
    "No of RPLI Policy procurred_Female": 2755,
    "No of RPLI Policy procurred_Others": 1
  },
  {
    "Date of Transaction": "25-09-2024",
    "No of PLI Policy procurred_Male": 1321,
    "No of PLI Policy procurred_Female": 1001,
    "No of PLI Policy procurred_Others": 0,
    "No of RPLI Policy procurred_Male": 2215,
    "No of RPLI Policy procurred_Female": 2359,
    "No of RPLI Policy procurred_Others": 0
  },
  {
    "Date of Transaction": "26-09-2024",
    "No of PLI Policy procurred_Male": 1555,
    "No of PLI Policy procurred_Female": 1298,
    "No of PLI Policy procurred_Others": 0,
    "No of RPLI Policy procurred_Male": 2640,
    "No of RPLI Policy procurred_Female": 2641,
    "No of RPLI Policy procurred_Others": 1
  },
  {
    "Date of Transaction": "27-09-2024",
    "No of PLI Policy procurred_Male": 1438,
    "No of PLI Policy procurred_Female": 1299,
    "No of PLI Policy procurred_Others": 0,
    "No of RPLI Policy procurred_Male": 2754,
    "No of RPLI Policy procurred_Female": 2960,
    "No of RPLI Policy procurred_Others": 1
  },
  {
    "Date of Transaction": "28-09-2024",
    "No of PLI Policy procurred_Male": 1664,
    "No of PLI Policy procurred_Female": 1496,
    "No of PLI Policy procurred_Others": 0,
    "No of RPLI Policy procurred_Male": 3344,
    "No of RPLI Policy procurred_Female": 3597,
    "No of RPLI Policy procurred_Others": 1
  },
  {
    "Date of Transaction": "29-09-2024",
    "No of PLI Policy procurred_Male": 130,
    "No of PLI Policy procurred_Female": 92,
    "No of PLI Policy procurred_Others": 0,
    "No of RPLI Policy procurred_Male": 361,
    "No of RPLI Policy procurred_Female": 399,
    "No of RPLI Policy procurred_Others": 1
  },
  {
    "Date of Transaction": "30-09-2024",
    "No of PLI Policy procurred_Male": 1743,
    "No of PLI Policy procurred_Female": 1510,
    "No of PLI Policy procurred_Others": 1,
    "No of RPLI Policy procurred_Male": 3438,
    "No of RPLI Policy procurred_Female": 3522,
    "No of RPLI Policy procurred_Others": 1
  },
  {
    "Date of Transaction": "01-10-2024",
    "No of PLI Policy procurred_Male": 844,
    "No of PLI Policy procurred_Female": 749,
    "No of PLI Policy procurred_Others": 0,
    "No of RPLI Policy procurred_Male": 1457,
    "No of RPLI Policy procurred_Female": 1413,
    "No of RPLI Policy procurred_Others": 0
  },
  {
    "Date of Transaction": "02-10-2024",
    "No of PLI Policy procurred_Male": 45,
    "No of PLI Policy procurred_Female": 31,
    "No of PLI Policy procurred_Others": 0,
    "No of RPLI Policy procurred_Male": 143,
    "No of RPLI Policy procurred_Female": 112,
    "No of RPLI Policy procurred_Others": 0
  },
  {
    "Date of Transaction": "03-10-2024",
    "No of PLI Policy procurred_Male": 987,
    "No of PLI Policy procurred_Female": 819,
    "No of PLI Policy procurred_Others": 0,
    "No of RPLI Policy procurred_Male": 2069,
    "No of RPLI Policy procurred_Female": 2204,
    "No of RPLI Policy procurred_Others": 1
  },
  {
    "Date of Transaction": "04-10-2024",
    "No of PLI Policy procurred_Male": 992,
    "No of PLI Policy procurred_Female": 851,
    "No of PLI Policy procurred_Others": 0,
    "No of RPLI Policy procurred_Male": 2121,
    "No of RPLI Policy procurred_Female": 2286,
    "No of RPLI Policy procurred_Others": 0
  },
  {
    "Date of Transaction": "05-10-2024",
    "No of PLI Policy procurred_Male": 1052,
    "No of PLI Policy procurred_Female": 920,
    "No of PLI Policy procurred_Others": 0,
    "No of RPLI Policy procurred_Male": 2184,
    "No of RPLI Policy procurred_Female": 2143,
    "No of RPLI Policy procurred_Others": 1
  },
  {
    "Date of Transaction": "06-10-2024",
    "No of PLI Policy procurred_Male": 60,
    "No of PLI Policy procurred_Female": 24,
    "No of PLI Policy procurred_Others": 0,
    "No of RPLI Policy procurred_Male": 124,
    "No of RPLI Policy procurred_Female": 97,
    "No of RPLI Policy procurred_Others": 0
  },
  {
    "Date of Transaction": "07-10-2024",
    "No of PLI Policy procurred_Male": 1052,
    "No of PLI Policy procurred_Female": 828,
    "No of PLI Policy procurred_Others": 1,
    "No of RPLI Policy procurred_Male": 2041,
    "No of RPLI Policy procurred_Female": 2081,
    "No of RPLI Policy procurred_Others": 0
  },
  {
    "Date of Transaction": "08-10-2024",
    "No of PLI Policy procurred_Male": 1089,
    "No of PLI Policy procurred_Female": 886,
    "No of PLI Policy procurred_Others": 0,
    "No of RPLI Policy procurred_Male": 2258,
    "No of RPLI Policy procurred_Female": 2450,
    "No of RPLI Policy procurred_Others": 0
  },
  {
    "Date of Transaction": "09-10-2024",
    "No of PLI Policy procurred_Male": 873,
    "No of PLI Policy procurred_Female": 654,
    "No of PLI Policy procurred_Others": 0,
    "No of RPLI Policy procurred_Male": 1491,
    "No of RPLI Policy procurred_Female": 1502,
    "No of RPLI Policy procurred_Others": 1
  },
  {
    "Date of Transaction": "10-10-2024",
    "No of PLI Policy procurred_Male": 568,
    "No of PLI Policy procurred_Female": 491,
    "No of PLI Policy procurred_Others": 0,
    "No of RPLI Policy procurred_Male": 1055,
    "No of RPLI Policy procurred_Female": 1101,
    "No of RPLI Policy procurred_Others": 0
  },
  {
    "Date of Transaction": "11-10-2024",
    "No of PLI Policy procurred_Male": 599,
    "No of PLI Policy procurred_Female": 413,
    "No of PLI Policy procurred_Others": 0,
    "No of RPLI Policy procurred_Male": 1091,
    "No of RPLI Policy procurred_Female": 910,
    "No of RPLI Policy procurred_Others": 0
  },
  {
    "Date of Transaction": "12-10-2024",
    "No of PLI Policy procurred_Male": 62,
    "No of PLI Policy procurred_Female": 107,
    "No of PLI Policy procurred_Others": 0,
    "No of RPLI Policy procurred_Male": 59,
    "No of RPLI Policy procurred_Female": 72,
    "No of RPLI Policy procurred_Others": 0
  },
  {
    "Date of Transaction": "13-10-2024",
    "No of PLI Policy procurred_Male": 13,
    "No of PLI Policy procurred_Female": 4,
    "No of PLI Policy procurred_Others": 0,
    "No of RPLI Policy procurred_Male": 49,
    "No of RPLI Policy procurred_Female": 21,
    "No of RPLI Policy procurred_Others": 0
  },
  {
    "Date of Transaction": "14-10-2024",
    "No of PLI Policy procurred_Male": 1294,
    "No of PLI Policy procurred_Female": 1092,
    "No of PLI Policy procurred_Others": 0,
    "No of RPLI Policy procurred_Male": 1764,
    "No of RPLI Policy procurred_Female": 1931,
    "No of RPLI Policy procurred_Others": 1
  },
  {
    "Date of Transaction": "15-10-2024",
    "No of PLI Policy procurred_Male": 1315,
    "No of PLI Policy procurred_Female": 1058,
    "No of PLI Policy procurred_Others": 0,
    "No of RPLI Policy procurred_Male": 2183,
    "No of RPLI Policy procurred_Female": 2194,
    "No of RPLI Policy procurred_Others": 0
  },
  {
    "Date of Transaction": "16-10-2024",
    "No of PLI Policy procurred_Male": 1308,
    "No of PLI Policy procurred_Female": 1180,
    "No of PLI Policy procurred_Others": 0,
    "No of RPLI Policy procurred_Male": 2197,
    "No of RPLI Policy procurred_Female": 2363,
    "No of RPLI Policy procurred_Others": 0
  },
  {
    "Date of Transaction": "17-10-2024",
    "No of PLI Policy procurred_Male": 1483,
    "No of PLI Policy procurred_Female": 1178,
    "No of PLI Policy procurred_Others": 0,
    "No of RPLI Policy procurred_Male": 2297,
    "No of RPLI Policy procurred_Female": 2514,
    "No of RPLI Policy procurred_Others": 0
  },
  {
    "Date of Transaction": "18-10-2024",
    "No of PLI Policy procurred_Male": 1558,
    "No of PLI Policy procurred_Female": 1158,
    "No of PLI Policy procurred_Others": 0,
    "No of RPLI Policy procurred_Male": 2153,
    "No of RPLI Policy procurred_Female": 2245,
    "No of RPLI Policy procurred_Others": 0
  },
  {
    "Date of Transaction": "19-10-2024",
    "No of PLI Policy procurred_Male": 1457,
    "No of PLI Policy procurred_Female": 1215,
    "No of PLI Policy procurred_Others": 0,
    "No of RPLI Policy procurred_Male": 2269,
    "No of RPLI Policy procurred_Female": 2430,
    "No of RPLI Policy procurred_Others": 0
  },
  {
    "Date of Transaction": "20-10-2024",
    "No of PLI Policy procurred_Male": 125,
    "No of PLI Policy procurred_Female": 66,
    "No of PLI Policy procurred_Others": 0,
    "No of RPLI Policy procurred_Male": 158,
    "No of RPLI Policy procurred_Female": 134,
    "No of RPLI Policy procurred_Others": 0
  },
  {
    "Date of Transaction": "21-10-2024",
    "No of PLI Policy procurred_Male": 1650,
    "No of PLI Policy procurred_Female": 1269,
    "No of PLI Policy procurred_Others": 1,
    "No of RPLI Policy procurred_Male": 2523,
    "No of RPLI Policy procurred_Female": 2568,
    "No of RPLI Policy procurred_Others": 0
  },
  {
    "Date of Transaction": "22-10-2024",
    "No of PLI Policy procurred_Male": 1792,
    "No of PLI Policy procurred_Female": 1463,
    "No of PLI Policy procurred_Others": 0,
    "No of RPLI Policy procurred_Male": 2632,
    "No of RPLI Policy procurred_Female": 2816,
    "No of RPLI Policy procurred_Others": 0
  },
  {
    "Date of Transaction": "23-10-2024",
    "No of PLI Policy procurred_Male": 1825,
    "No of PLI Policy procurred_Female": 1473,
    "No of PLI Policy procurred_Others": 0,
    "No of RPLI Policy procurred_Male": 3130,
    "No of RPLI Policy procurred_Female": 3229,
    "No of RPLI Policy procurred_Others": 2
  },
  {
    "Date of Transaction": "24-10-2024",
    "No of PLI Policy procurred_Male": 1653,
    "No of PLI Policy procurred_Female": 1303,
    "No of PLI Policy procurred_Others": 0,
    "No of RPLI Policy procurred_Male": 2847,
    "No of RPLI Policy procurred_Female": 3095,
    "No of RPLI Policy procurred_Others": 0
  },
  {
    "Date of Transaction": "25-10-2024",
    "No of PLI Policy procurred_Male": 1752,
    "No of PLI Policy procurred_Female": 1322,
    "No of PLI Policy procurred_Others": 0,
    "No of RPLI Policy procurred_Male": 3033,
    "No of RPLI Policy procurred_Female": 3342,
    "No of RPLI Policy procurred_Others": 0
  },
  {
    "Date of Transaction": "26-10-2024",
    "No of PLI Policy procurred_Male": 1601,
    "No of PLI Policy procurred_Female": 1243,
    "No of PLI Policy procurred_Others": 0,
    "No of RPLI Policy procurred_Male": 2842,
    "No of RPLI Policy procurred_Female": 2938,
    "No of RPLI Policy procurred_Others": 0
  },
  {
    "Date of Transaction": "27-10-2024",
    "No of PLI Policy procurred_Male": 53,
    "No of PLI Policy procurred_Female": 26,
    "No of PLI Policy procurred_Others": 0,
    "No of RPLI Policy procurred_Male": 107,
    "No of RPLI Policy procurred_Female": 59,
    "No of RPLI Policy procurred_Others": 0
  },
  {
    "Date of Transaction": "28-10-2024",
    "No of PLI Policy procurred_Male": 1303,
    "No of PLI Policy procurred_Female": 1091,
    "No of PLI Policy procurred_Others": 0,
    "No of RPLI Policy procurred_Male": 2342,
    "No of RPLI Policy procurred_Female": 2491,
    "No of RPLI Policy procurred_Others": 0
  },
  {
    "Date of Transaction": "29-10-2024",
    "No of PLI Policy procurred_Male": 1306,
    "No of PLI Policy procurred_Female": 937,
    "No of PLI Policy procurred_Others": 0,
    "No of RPLI Policy procurred_Male": 1991,
    "No of RPLI Policy procurred_Female": 2001,
    "No of RPLI Policy procurred_Others": 0
  },
  {
    "Date of Transaction": "30-10-2024",
    "No of PLI Policy procurred_Male": 1835,
    "No of PLI Policy procurred_Female": 1579,
    "No of PLI Policy procurred_Others": 0,
    "No of RPLI Policy procurred_Male": 3536,
    "No of RPLI Policy procurred_Female": 4061,
    "No of RPLI Policy procurred_Others": 2
  },
  {
    "Date of Transaction": "31-10-2024",
    "No of PLI Policy procurred_Male": 59,
    "No of PLI Policy procurred_Female": 66,
    "No of PLI Policy procurred_Others": 0,
    "No of RPLI Policy procurred_Male": 160,
    "No of RPLI Policy procurred_Female": 197,
    "No of RPLI Policy procurred_Others": 0
  },
  {
    "Date of Transaction": "01-11-2024",
    "No of PLI Policy procurred_Male": 914,
    "No of PLI Policy procurred_Female": 775,
    "No of PLI Policy procurred_Others": 1,
    "No of RPLI Policy procurred_Male": 1604,
    "No of RPLI Policy procurred_Female": 1795,
    "No of RPLI Policy procurred_Others": 0
  },
  {
    "Date of Transaction": "02-11-2024",
    "No of PLI Policy procurred_Male": 802,
    "No of PLI Policy procurred_Female": 713,
    "No of PLI Policy procurred_Others": 0,
    "No of RPLI Policy procurred_Male": 1717,
    "No of RPLI Policy procurred_Female": 1820,
    "No of RPLI Policy procurred_Others": 0
  },
  {
    "Date of Transaction": "03-11-2024",
    "No of PLI Policy procurred_Male": 2,
    "No of PLI Policy procurred_Female": 1,
    "No of PLI Policy procurred_Others": 0,
    "No of RPLI Policy procurred_Male": 28,
    "No of RPLI Policy procurred_Female": 20,
    "No of RPLI Policy procurred_Others": 0
  },
  {
    "Date of Transaction": "04-11-2024",
    "No of PLI Policy procurred_Male": 965,
    "No of PLI Policy procurred_Female": 845,
    "No of PLI Policy procurred_Others": 0,
    "No of RPLI Policy procurred_Male": 1819,
    "No of RPLI Policy procurred_Female": 2016,
    "No of RPLI Policy procurred_Others": 1
  },
  {
    "Date of Transaction": "05-11-2024",
    "No of PLI Policy procurred_Male": 1087,
    "No of PLI Policy procurred_Female": 809,
    "No of PLI Policy procurred_Others": 0,
    "No of RPLI Policy procurred_Male": 1963,
    "No of RPLI Policy procurred_Female": 2018,
    "No of RPLI Policy procurred_Others": 0
  },
  {
    "Date of Transaction": "06-11-2024",
    "No of PLI Policy procurred_Male": 1075,
    "No of PLI Policy procurred_Female": 813,
    "No of PLI Policy procurred_Others": 0,
    "No of RPLI Policy procurred_Male": 1920,
    "No of RPLI Policy procurred_Female": 1941,
    "No of RPLI Policy procurred_Others": 0
  },
  {
    "Date of Transaction": "07-11-2024",
    "No of PLI Policy procurred_Male": 1104,
    "No of PLI Policy procurred_Female": 919,
    "No of PLI Policy procurred_Others": 0,
    "No of RPLI Policy procurred_Male": 1836,
    "No of RPLI Policy procurred_Female": 1819,
    "No of RPLI Policy procurred_Others": 1
  },
  {
    "Date of Transaction": "08-11-2024",
    "No of PLI Policy procurred_Male": 1214,
    "No of PLI Policy procurred_Female": 1100,
    "No of PLI Policy procurred_Others": 0,
    "No of RPLI Policy procurred_Male": 2189,
    "No of RPLI Policy procurred_Female": 2283,
    "No of RPLI Policy procurred_Others": 0
  },
  {
    "Date of Transaction": "09-11-2024",
    "No of PLI Policy procurred_Male": 1497,
    "No of PLI Policy procurred_Female": 1221,
    "No of PLI Policy procurred_Others": 0,
    "No of RPLI Policy procurred_Male": 2213,
    "No of RPLI Policy procurred_Female": 2307,
    "No of RPLI Policy procurred_Others": 1
  },
  {
    "Date of Transaction": "10-11-2024",
    "No of PLI Policy procurred_Male": 85,
    "No of PLI Policy procurred_Female": 45,
    "No of PLI Policy procurred_Others": 0,
    "No of RPLI Policy procurred_Male": 160,
    "No of RPLI Policy procurred_Female": 95,
    "No of RPLI Policy procurred_Others": 0
  },
  {
    "Date of Transaction": "11-11-2024",
    "No of PLI Policy procurred_Male": 1385,
    "No of PLI Policy procurred_Female": 1104,
    "No of PLI Policy procurred_Others": 0,
    "No of RPLI Policy procurred_Male": 2419,
    "No of RPLI Policy procurred_Female": 2492,
    "No of RPLI Policy procurred_Others": 1
  },
  {
    "Date of Transaction": "12-11-2024",
    "No of PLI Policy procurred_Male": 1421,
    "No of PLI Policy procurred_Female": 1276,
    "No of PLI Policy procurred_Others": 0,
    "No of RPLI Policy procurred_Male": 2487,
    "No of RPLI Policy procurred_Female": 2342,
    "No of RPLI Policy procurred_Others": 0
  },
  {
    "Date of Transaction": "13-11-2024",
    "No of PLI Policy procurred_Male": 1554,
    "No of PLI Policy procurred_Female": 1212,
    "No of PLI Policy procurred_Others": 0,
    "No of RPLI Policy procurred_Male": 2368,
    "No of RPLI Policy procurred_Female": 2426,
    "No of RPLI Policy procurred_Others": 1
  },
  {
    "Date of Transaction": "14-11-2024",
    "No of PLI Policy procurred_Male": 1392,
    "No of PLI Policy procurred_Female": 1075,
    "No of PLI Policy procurred_Others": 0,
    "No of RPLI Policy procurred_Male": 2145,
    "No of RPLI Policy procurred_Female": 2231,
    "No of RPLI Policy procurred_Others": 1
  },
  {
    "Date of Transaction": "15-11-2024",
    "No of PLI Policy procurred_Male": 47,
    "No of PLI Policy procurred_Female": 72,
    "No of PLI Policy procurred_Others": 0,
    "No of RPLI Policy procurred_Male": 40,
    "No of RPLI Policy procurred_Female": 36,
    "No of RPLI Policy procurred_Others": 0
  },
  {
    "Date of Transaction": "16-11-2024",
    "No of PLI Policy procurred_Male": 1246,
    "No of PLI Policy procurred_Female": 1013,
    "No of PLI Policy procurred_Others": 0,
    "No of RPLI Policy procurred_Male": 1803,
    "No of RPLI Policy procurred_Female": 1934,
    "No of RPLI Policy procurred_Others": 1
  },
  {
    "Date of Transaction": "17-11-2024",
    "No of PLI Policy procurred_Male": 9,
    "No of PLI Policy procurred_Female": 6,
    "No of PLI Policy procurred_Others": 0,
    "No of RPLI Policy procurred_Male": 13,
    "No of RPLI Policy procurred_Female": 17,
    "No of RPLI Policy procurred_Others": 0
  },
  {
    "Date of Transaction": "18-11-2024",
    "No of PLI Policy procurred_Male": 1443,
    "No of PLI Policy procurred_Female": 1138,
    "No of PLI Policy procurred_Others": 0,
    "No of RPLI Policy procurred_Male": 2153,
    "No of RPLI Policy procurred_Female": 2227,
    "No of RPLI Policy procurred_Others": 1
  },
  {
    "Date of Transaction": "19-11-2024",
    "No of PLI Policy procurred_Male": 1291,
    "No of PLI Policy procurred_Female": 1058,
    "No of PLI Policy procurred_Others": 0,
    "No of RPLI Policy procurred_Male": 1995,
    "No of RPLI Policy procurred_Female": 2182,
    "No of RPLI Policy procurred_Others": 0
  },
  {
    "Date of Transaction": "20-11-2024",
    "No of PLI Policy procurred_Male": 1070,
    "No of PLI Policy procurred_Female": 833,
    "No of PLI Policy procurred_Others": 0,
    "No of RPLI Policy procurred_Male": 1680,
    "No of RPLI Policy procurred_Female": 1819,
    "No of RPLI Policy procurred_Others": 0
  },
  {
    "Date of Transaction": "21-11-2024",
    "No of PLI Policy procurred_Male": 1253,
    "No of PLI Policy procurred_Female": 978,
    "No of PLI Policy procurred_Others": 0,
    "No of RPLI Policy procurred_Male": 2072,
    "No of RPLI Policy procurred_Female": 2152,
    "No of RPLI Policy procurred_Others": 0
  },
  {
    "Date of Transaction": "22-11-2024",
    "No of PLI Policy procurred_Male": 1297,
    "No of PLI Policy procurred_Female": 1110,
    "No of PLI Policy procurred_Others": 0,
    "No of RPLI Policy procurred_Male": 2218,
    "No of RPLI Policy procurred_Female": 2246,
    "No of RPLI Policy procurred_Others": 1
  },
  {
    "Date of Transaction": "23-11-2024",
    "No of PLI Policy procurred_Male": 1377,
    "No of PLI Policy procurred_Female": 1243,
    "No of PLI Policy procurred_Others": 0,
    "No of RPLI Policy procurred_Male": 1957,
    "No of RPLI Policy procurred_Female": 2304,
    "No of RPLI Policy procurred_Others": 0
  },
  {
    "Date of Transaction": "24-11-2024",
    "No of PLI Policy procurred_Male": 104,
    "No of PLI Policy procurred_Female": 66,
    "No of PLI Policy procurred_Others": 0,
    "No of RPLI Policy procurred_Male": 336,
    "No of RPLI Policy procurred_Female": 354,
    "No of RPLI Policy procurred_Others": 0
  },
  {
    "Date of Transaction": "25-11-2024",
    "No of PLI Policy procurred_Male": 1506,
    "No of PLI Policy procurred_Female": 1174,
    "No of PLI Policy procurred_Others": 0,
    "No of RPLI Policy procurred_Male": 2486,
    "No of RPLI Policy procurred_Female": 2468,
    "No of RPLI Policy procurred_Others": 0
  },
  {
    "Date of Transaction": "26-11-2024",
    "No of PLI Policy procurred_Male": 1488,
    "No of PLI Policy procurred_Female": 1091,
    "No of PLI Policy procurred_Others": 0,
    "No of RPLI Policy procurred_Male": 2506,
    "No of RPLI Policy procurred_Female": 2684,
    "No of RPLI Policy procurred_Others": 1
  },
  {
    "Date of Transaction": "27-11-2024",
    "No of PLI Policy procurred_Male": 1650,
    "No of PLI Policy procurred_Female": 1205,
    "No of PLI Policy procurred_Others": 0,
    "No of RPLI Policy procurred_Male": 2690,
    "No of RPLI Policy procurred_Female": 2920,
    "No of RPLI Policy procurred_Others": 0
  },
  {
    "Date of Transaction": "28-11-2024",
    "No of PLI Policy procurred_Male": 1796,
    "No of PLI Policy procurred_Female": 1418,
    "No of PLI Policy procurred_Others": 0,
    "No of RPLI Policy procurred_Male": 2878,
    "No of RPLI Policy procurred_Female": 2846,
    "No of RPLI Policy procurred_Others": 1
  },
  {
    "Date of Transaction": "29-11-2024",
    "No of PLI Policy procurred_Male": 1961,
    "No of PLI Policy procurred_Female": 1524,
    "No of PLI Policy procurred_Others": 0,
    "No of RPLI Policy procurred_Male": 3367,
    "No of RPLI Policy procurred_Female": 3628,
    "No of RPLI Policy procurred_Others": 1
  },
  {
    "Date of Transaction": "30-11-2024",
    "No of PLI Policy procurred_Male": 1923,
    "No of PLI Policy procurred_Female": 1565,
    "No of PLI Policy procurred_Others": 0,
    "No of RPLI Policy procurred_Male": 3378,
    "No of RPLI Policy procurred_Female": 3553,
    "No of RPLI Policy procurred_Others": 0
  },
  {
    "Date of Transaction": "01-12-2024",
    "No of PLI Policy procurred_Male": 41,
    "No of PLI Policy procurred_Female": 18,
    "No of PLI Policy procurred_Others": 0,
    "No of RPLI Policy procurred_Male": 32,
    "No of RPLI Policy procurred_Female": 18,
    "No of RPLI Policy procurred_Others": 0
  },
  {
    "Date of Transaction": "02-12-2024",
    "No of PLI Policy procurred_Male": 798,
    "No of PLI Policy procurred_Female": 575,
    "No of PLI Policy procurred_Others": 0,
    "No of RPLI Policy procurred_Male": 1278,
    "No of RPLI Policy procurred_Female": 1222,
    "No of RPLI Policy procurred_Others": 0
  },
  {
    "Date of Transaction": "03-12-2024",
    "No of PLI Policy procurred_Male": 1136,
    "No of PLI Policy procurred_Female": 901,
    "No of PLI Policy procurred_Others": 0,
    "No of RPLI Policy procurred_Male": 1842,
    "No of RPLI Policy procurred_Female": 1910,
    "No of RPLI Policy procurred_Others": 0
  },
  {
    "Date of Transaction": "04-12-2024",
    "No of PLI Policy procurred_Male": 1212,
    "No of PLI Policy procurred_Female": 934,
    "No of PLI Policy procurred_Others": 1,
    "No of RPLI Policy procurred_Male": 1689,
    "No of RPLI Policy procurred_Female": 1767,
    "No of RPLI Policy procurred_Others": 0
  },
  {
    "Date of Transaction": "05-12-2024",
    "No of PLI Policy procurred_Male": 1187,
    "No of PLI Policy procurred_Female": 828,
    "No of PLI Policy procurred_Others": 0,
    "No of RPLI Policy procurred_Male": 1706,
    "No of RPLI Policy procurred_Female": 1628,
    "No of RPLI Policy procurred_Others": 0
  },
  {
    "Date of Transaction": "06-12-2024",
    "No of PLI Policy procurred_Male": 1286,
    "No of PLI Policy procurred_Female": 964,
    "No of PLI Policy procurred_Others": 0,
    "No of RPLI Policy procurred_Male": 1870,
    "No of RPLI Policy procurred_Female": 1768,
    "No of RPLI Policy procurred_Others": 0
  },
  {
    "Date of Transaction": "07-12-2024",
    "No of PLI Policy procurred_Male": 1138,
    "No of PLI Policy procurred_Female": 953,
    "No of PLI Policy procurred_Others": 0,
    "No of RPLI Policy procurred_Male": 1819,
    "No of RPLI Policy procurred_Female": 1833,
    "No of RPLI Policy procurred_Others": 0
  },
  {
    "Date of Transaction": "08-12-2024",
    "No of PLI Policy procurred_Male": 46,
    "No of PLI Policy procurred_Female": 31,
    "No of PLI Policy procurred_Others": 0,
    "No of RPLI Policy procurred_Male": 58,
    "No of RPLI Policy procurred_Female": 64,
    "No of RPLI Policy procurred_Others": 0
  },
  {
    "Date of Transaction": "09-12-2024",
    "No of PLI Policy procurred_Male": 854,
    "No of PLI Policy procurred_Female": 614,
    "No of PLI Policy procurred_Others": 0,
    "No of RPLI Policy procurred_Male": 1299,
    "No of RPLI Policy procurred_Female": 1223,
    "No of RPLI Policy procurred_Others": 0
  }
]