[
  {
    "0": "Date of Transaction",
    "1": "SSA No of Account opened"
  },
  {
    "0": "01-04-2024",
    "1": 0
  },
  {
    "0": "02-04-2024",
    "1": 0
  },
  {
    "0": "03-04-2024",
    "1": 1087
  },
  {
    "0": "04-04-2024",
    "1": 4622
  },
  {
    "0": "05-04-2024",
    "1": 6401
  },
  {
    "0": "06-04-2024",
    "1": 8076
  },
  {
    "0": "07-04-2024",
    "1": 8
  },
  {
    "0": "08-04-2024",
    "1": 7100
  },
  {
    "0": "09-04-2024",
    "1": 6986
  },
  {
    "0": "10-04-2024",
    "1": 8264
  },
  {
    "0": "11-04-2024",
    "1": 182
  },
  {
    "0": "12-04-2024",
    "1": 7006
  },
  {
    "0": "13-04-2024",
    "1": 8552
  },
  {
    "0": "14-04-2024",
    "1": 6
  },
  {
    "0": "15-04-2024",
    "1": 7147
  },
  {
    "0": "16-04-2024",
    "1": 9079
  },
  {
    "0": "17-04-2024",
    "1": 6983
  },
  {
    "0": "18-04-2024",
    "1": 7488
  },
  {
    "0": "19-04-2024",
    "1": 6128
  },
  {
    "0": "20-04-2024",
    "1": 6486
  },
  {
    "0": "21-04-2024",
    "1": 11
  },
  {
    "0": "22-04-2024",
    "1": 5828
  },
  {
    "0": "23-04-2024",
    "1": 7017
  },
  {
    "0": "24-04-2024",
    "1": 6883
  },
  {
    "0": "25-04-2024",
    "1": 7036
  },
  {
    "0": "26-04-2024",
    "1": 6518
  },
  {
    "0": "27-04-2024",
    "1": 6746
  },
  {
    "0": "28-04-2024",
    "1": 8
  },
  {
    "0": "29-04-2024",
    "1": 6385
  },
  {
    "0": "30-04-2024",
    "1": 6886
  },
  {
    "0": "01-05-2024",
    "1": 4931
  },
  {
    "0": "02-05-2024",
    "1": 5263
  },
  {
    "0": "03-05-2024",
    "1": 5189
  },
  {
    "0": "04-05-2024",
    "1": 4876
  },
  {
    "0": "05-05-2024",
    "1": 2
  },
  {
    "0": "06-05-2024",
    "1": 5136
  },
  {
    "0": "07-05-2024",
    "1": 7821
  },
  {
    "0": "08-05-2024",
    "1": 9205
  },
  {
    "0": "09-05-2024",
    "1": 9102
  },
  {
    "0": "10-05-2024",
    "1": 8907
  },
  {
    "0": "11-05-2024",
    "1": 8310
  },
  {
    "0": "12-05-2024",
    "1": 1
  },
  {
    "0": "13-05-2024",
    "1": 6257
  },
  {
    "0": "14-05-2024",
    "1": 7690
  },
  {
    "0": "15-05-2024",
    "1": 8860
  },
  {
    "0": "16-05-2024",
    "1": 9769
  },
  {
    "0": "17-05-2024",
    "1": 9449
  },
  {
    "0": "18-05-2024",
    "1": 8263
  },
  {
    "0": "19-05-2024",
    "1": 17
  },
  {
    "0": "20-05-2024",
    "1": 7632
  },
  {
    "0": "21-05-2024",
    "1": 8705
  },
  {
    "0": "22-05-2024",
    "1": 6678
  },
  {
    "0": "23-05-2024",
    "1": 12
  },
  {
    "0": "24-05-2024",
    "1": 7904
  },
  {
    "0": "25-05-2024",
    "1": 8247
  },
  {
    "0": "26-05-2024",
    "1": 10
  },
  {
    "0": "27-05-2024",
    "1": 7779
  },
  {
    "0": "28-05-2024",
    "1": 8448
  },
  {
    "0": "29-05-2024",
    "1": 6740
  },
  {
    "0": "30-05-2024",
    "1": 9042
  },
  {
    "0": "31-05-2024",
    "1": 6941
  },
  {
    "0": "01-06-2024",
    "1": 6090
  },
  {
    "0": "02-06-2024",
    "1": 14
  },
  {
    "0": "03-06-2024",
    "1": 6385
  },
  {
    "0": "04-06-2024",
    "1": 7462
  },
  {
    "0": "05-06-2024",
    "1": 9733
  },
  {
    "0": "06-06-2024",
    "1": 8709
  },
  {
    "0": "07-06-2024",
    "1": 9698
  },
  {
    "0": "08-06-2024",
    "1": 10652
  },
  {
    "0": "09-06-2024",
    "1": 7
  },
  {
    "0": "10-06-2024",
    "1": 10293
  },
  {
    "0": "11-06-2024",
    "1": 9765
  },
  {
    "0": "12-06-2024",
    "1": 13204
  },
  {
    "0": "13-06-2024",
    "1": 9472
  },
  {
    "0": "14-06-2024",
    "1": 8280
  },
  {
    "0": "15-06-2024",
    "1": 7045
  },
  {
    "0": "16-06-2024",
    "1": 3
  },
  {
    "0": "17-06-2024",
    "1": 0
  },
  {
    "0": "18-06-2024",
    "1": 6628
  },
  {
    "0": "19-06-2024",
    "1": 17457
  },
  {
    "0": "20-06-2024",
    "1": 24217
  },
  {
    "0": "21-06-2024",
    "1": 30682
  },
  {
    "0": "22-06-2024",
    "1": 12266
  },
  {
    "0": "23-06-2024",
    "1": 5
  },
  {
    "0": "24-06-2024",
    "1": 8262
  },
  {
    "0": "25-06-2024",
    "1": 8515
  },
  {
    "0": "26-06-2024",
    "1": 9207
  },
  {
    "0": "27-06-2024",
    "1": 9876
  },
  {
    "0": "28-06-2024",
    "1": 10220
  },
  {
    "0": "29-06-2024",
    "1": 9439
  },
  {
    "0": "30-06-2024",
    "1": 0
  },
  {
    "0": "01-07-2024",
    "1": 7614
  },
  {
    "0": "02-07-2024",
    "1": 9944
  },
  {
    "0": "03-07-2024",
    "1": 9623
  },
  {
    "0": "04-07-2024",
    "1": 9420
  },
  {
    "0": "05-07-2024",
    "1": 11142
  },
  {
    "0": "06-07-2024",
    "1": 9633
  },
  {
    "0": "07-07-2024",
    "1": 6
  },
  {
    "0": "08-07-2024",
    "1": 7095
  },
  {
    "0": "09-07-2024",
    "1": 7472
  },
  {
    "0": "10-07-2024",
    "1": 8540
  },
  {
    "0": "11-07-2024",
    "1": 9155
  },
  {
    "0": "12-07-2024",
    "1": 8710
  },
  {
    "0": "13-07-2024",
    "1": 7862
  },
  {
    "0": "14-07-2024",
    "1": 4
  },
  {
    "0": "15-07-2024",
    "1": 7604
  },
  {
    "0": "16-07-2024",
    "1": 8274
  },
  {
    "0": "17-07-2024",
    "1": 152
  },
  {
    "0": "18-07-2024",
    "1": 15573
  },
  {
    "0": "19-07-2024",
    "1": 9129
  },
  {
    "0": "20-07-2024",
    "1": 9336
  },
  {
    "0": "21-07-2024",
    "1": 2
  },
  {
    "0": "22-07-2024",
    "1": 8203
  },
  {
    "0": "23-07-2024",
    "1": 16022
  },
  {
    "0": "24-07-2024",
    "1": 9396
  },
  {
    "0": "25-07-2024",
    "1": 9055
  },
  {
    "0": "26-07-2024",
    "1": 9166
  },
  {
    "0": "27-07-2024",
    "1": 9041
  },
  {
    "0": "28-07-2024",
    "1": 0
  },
  {
    "0": "29-07-2024",
    "1": 7056
  },
  {
    "0": "30-07-2024",
    "1": 8053
  },
  {
    "0": "31-07-2024",
    "1": 7152
  },
  {
    "0": "01-08-2024",
    "1": 8239
  },
  {
    "0": "02-08-2024",
    "1": 8254
  },
  {
    "0": "03-08-2024",
    "1": 7820
  },
  {
    "0": "04-08-2024",
    "1": 7
  },
  {
    "0": "05-08-2024",
    "1": 7061
  },
  {
    "0": "06-08-2024",
    "1": 8380
  },
  {
    "0": "07-08-2024",
    "1": 8683
  },
  {
    "0": "08-08-2024",
    "1": 9237
  },
  {
    "0": "09-08-2024",
    "1": 9737
  },
  {
    "0": "10-08-2024",
    "1": 8632
  },
  {
    "0": "11-08-2024",
    "1": 29
  },
  {
    "0": "12-08-2024",
    "1": 7514
  },
  {
    "0": "13-08-2024",
    "1": 8648
  },
  {
    "0": "14-08-2024",
    "1": 9909
  },
  {
    "0": "15-08-2024",
    "1": 20
  },
  {
    "0": "16-08-2024",
    "1": 8263
  },
  {
    "0": "17-08-2024",
    "1": 8466
  },
  {
    "0": "18-08-2024",
    "1": 11
  },
  {
    "0": "19-08-2024",
    "1": 9123
  },
  {
    "0": "20-08-2024",
    "1": 8844
  },
  {
    "0": "21-08-2024",
    "1": 9514
  },
  {
    "0": "22-08-2024",
    "1": 8885
  },
  {
    "0": "23-08-2024",
    "1": 8662
  },
  {
    "0": "24-08-2024",
    "1": 7984
  },
  {
    "0": "25-08-2024",
    "1": 9
  },
  {
    "0": "26-08-2024",
    "1": 4134
  },
  {
    "0": "27-08-2024",
    "1": 6213
  },
  {
    "0": "28-08-2024",
    "1": 7646
  },
  {
    "0": "29-08-2024",
    "1": 11794
  },
  {
    "0": "30-08-2024",
    "1": 12790
  },
  {
    "0": "31-08-2024",
    "1": 9370
  },
  {
    "0": "01-09-2024",
    "1": 13
  },
  {
    "0": "02-09-2024",
    "1": 5733
  },
  {
    "0": "03-09-2024",
    "1": 7219
  },
  {
    "0": "04-09-2024",
    "1": 9531
  },
  {
    "0": "05-09-2024",
    "1": 10742
  },
  {
    "0": "06-09-2024",
    "1": 10230
  },
  {
    "0": "07-09-2024",
    "1": 7237
  },
  {
    "0": "08-09-2024",
    "1": 15
  },
  {
    "0": "09-09-2024",
    "1": 8833
  },
  {
    "0": "10-09-2024",
    "1": 10776
  },
  {
    "0": "11-09-2024",
    "1": 11998
  },
  {
    "0": "12-09-2024",
    "1": 12972
  },
  {
    "0": "13-09-2024",
    "1": 13867
  },
  {
    "0": "14-09-2024",
    "1": 13438
  },
  {
    "0": "15-09-2024",
    "1": 47
  },
  {
    "0": "16-09-2024",
    "1": 735
  },
  {
    "0": "17-09-2024",
    "1": 10995
  },
  {
    "0": "18-09-2024",
    "1": 12557
  },
  {
    "0": "19-09-2024",
    "1": 21288
  },
  {
    "0": "20-09-2024",
    "1": 22946
  },
  {
    "0": "21-09-2024",
    "1": 16350
  },
  {
    "0": "22-09-2024",
    "1": 13
  },
  {
    "0": "23-09-2024",
    "1": 15176
  },
  {
    "0": "24-09-2024",
    "1": 25030
  },
  {
    "0": "25-09-2024",
    "1": 25679
  },
  {
    "0": "26-09-2024",
    "1": 29695
  },
  {
    "0": "27-09-2024",
    "1": 19021
  },
  {
    "0": "28-09-2024",
    "1": 21061
  },
  {
    "0": "29-09-2024",
    "1": 68
  },
  {
    "0": "30-09-2024",
    "1": 27019
  },
  {
    "0": "01-10-2024",
    "1": 7780
  },
  {
    "0": "02-10-2024",
    "1": 4
  },
  {
    "0": "03-10-2024",
    "1": 7611
  },
  {
    "0": "04-10-2024",
    "1": 9239
  },
  {
    "0": "05-10-2024",
    "1": 9273
  },
  {
    "0": "06-10-2024",
    "1": 28
  },
  {
    "0": "07-10-2024",
    "1": 7162
  },
  {
    "0": "08-10-2024",
    "1": 7978
  },
  {
    "0": "09-10-2024",
    "1": 9354
  },
  {
    "0": "10-10-2024",
    "1": 11900
  },
  {
    "0": "11-10-2024",
    "1": 14609
  },
  {
    "0": "12-10-2024",
    "1": 255
  },
  {
    "0": "13-10-2024",
    "1": 134
  },
  {
    "0": "14-10-2024",
    "1": 7159
  },
  {
    "0": "15-10-2024",
    "1": 8468
  },
  {
    "0": "16-10-2024",
    "1": 9192
  },
  {
    "0": "17-10-2024",
    "1": 9441
  },
  {
    "0": "18-10-2024",
    "1": 9345
  },
  {
    "0": "19-10-2024",
    "1": 7662
  },
  {
    "0": "20-10-2024",
    "1": 4
  },
  {
    "0": "21-10-2024",
    "1": 8154
  },
  {
    "0": "22-10-2024",
    "1": 10628
  },
  {
    "0": "23-10-2024",
    "1": 10789
  },
  {
    "0": "24-10-2024",
    "1": 10187
  },
  {
    "0": "25-10-2024",
    "1": 9833
  },
  {
    "0": "26-10-2024",
    "1": 8905
  },
  {
    "0": "27-10-2024",
    "1": 13
  },
  {
    "0": "28-10-2024",
    "1": 5679
  },
  {
    "0": "29-10-2024",
    "1": 8142
  },
  {
    "0": "30-10-2024",
    "1": 7448
  },
  {
    "0": "31-10-2024",
    "1": 0
  },
  {
    "0": "01-11-2024",
    "1": 5182
  },
  {
    "0": "02-11-2024",
    "1": 5097
  },
  {
    "0": "03-11-2024",
    "1": 0
  },
  {
    "0": "04-11-2024",
    "1": 4049
  },
  {
    "0": "05-11-2024",
    "1": 5082
  },
  {
    "0": "06-11-2024",
    "1": 6456
  },
  {
    "0": "07-11-2024",
    "1": 6375
  },
  {
    "0": "08-11-2024",
    "1": 6314
  },
  {
    "0": "09-11-2024",
    "1": 7553
  },
  {
    "0": "10-11-2024",
    "1": 4
  },
  {
    "0": "11-11-2024",
    "1": 7320
  },
  {
    "0": "12-11-2024",
    "1": 8718
  },
  {
    "0": "13-11-2024",
    "1": 9899
  },
  {
    "0": "14-11-2024",
    "1": 13649
  },
  {
    "0": "15-11-2024",
    "1": 13
  },
  {
    "0": "16-11-2024",
    "1": 2728
  },
  {
    "0": "17-11-2024",
    "1": 1
  },
  {
    "0": "18-11-2024",
    "1": 7543
  },
  {
    "0": "19-11-2024",
    "1": 8736
  },
  {
    "0": "20-11-2024",
    "1": 8654
  },
  {
    "0": "21-11-2024",
    "1": 11635
  },
  {
    "0": "22-11-2024",
    "1": 11352
  },
  {
    "0": "23-11-2024",
    "1": 9753
  },
  {
    "0": "24-11-2024",
    "1": 11
  },
  {
    "0": "25-11-2024",
    "1": 7407
  },
  {
    "0": "26-11-2024",
    "1": 8350
  },
  {
    "0": "27-11-2024",
    "1": 10149
  },
  {
    "0": "28-11-2024",
    "1": 9766
  },
  {
    "0": "29-11-2024",
    "1": 9164
  },
  {
    "0": "30-11-2024",
    "1": 8612
  },
  {
    "0": "01-12-2024",
    "1": 4
  },
  {
    "0": "02-12-2024",
    "1": 5779
  },
  {
    "0": "03-12-2024",
    "1": 4735
  },
  {
    "0": "04-12-2024",
    "1": 8252
  },
  {
    "0": "05-12-2024",
    "1": 6456
  },
  {
    "0": "06-12-2024",
    "1": 7225
  },
  {
    "0": "07-12-2024",
    "1": 6720
  },
  {
    "0": "08-12-2024",
    "1": 0
  }
]