[
  {
    "Date of Transection": "01-04-2024",
    "Amount of Tranction": 6756039115
  },
  {
    "Date of Transection": "02-04-2024",
    "Amount of Tranction": 8186043919
  },
  {
    "Date of Transection": "03-04-2024",
    "Amount of Tranction": 60048516835
  },
  {
    "Date of Transection": "04-04-2024",
    "Amount of Tranction": 120442000000
  },
  {
    "Date of Transection": "05-04-2024",
    "Amount of Tranction": 110241000000
  },
  {
    "Date of Transection": "06-04-2024",
    "Amount of Tranction": 97264813366
  },
  {
    "Date of Transection": "07-04-2024",
    "Amount of Tranction": 145457091.8
  },
  {
    "Date of Transection": "08-04-2024",
    "Amount of Tranction": 103325000000
  },
  {
    "Date of Transection": "09-04-2024",
    "Amount of Tranction": 78814463232
  },
  {
    "Date of Transection": "10-04-2024",
    "Amount of Tranction": 96314346594
  },
  {
    "Date of Transection": "11-04-2024",
    "Amount of Tranction": 3419553837
  },
  {
    "Date of Transection": "12-04-2024",
    "Amount of Tranction": 106390000000
  },
  {
    "Date of Transection": "13-04-2024",
    "Amount of Tranction": 74921315009
  },
  {
    "Date of Transection": "14-04-2024",
    "Amount of Tranction": 86156624.2
  },
  {
    "Date of Transection": "15-04-2024",
    "Amount of Tranction": 89399324929
  },
  {
    "Date of Transection": "16-04-2024",
    "Amount of Tranction": 83564143828
  },
  {
    "Date of Transection": "17-04-2024",
    "Amount of Tranction": 50226649975
  },
  {
    "Date of Transection": "18-04-2024",
    "Amount of Tranction": 74531123322
  },
  {
    "Date of Transection": "19-04-2024",
    "Amount of Tranction": 61809405497
  },
  {
    "Date of Transection": "20-04-2024",
    "Amount of Tranction": 72929463238
  },
  {
    "Date of Transection": "21-04-2024",
    "Amount of Tranction": 75408581.05
  },
  {
    "Date of Transection": "22-04-2024",
    "Amount of Tranction": 80498098759
  },
  {
    "Date of Transection": "23-04-2024",
    "Amount of Tranction": 74424211952
  },
  {
    "Date of Transection": "24-04-2024",
    "Amount of Tranction": 79807733821
  },
  {
    "Date of Transection": "25-04-2024",
    "Amount of Tranction": 77423401064
  },
  {
    "Date of Transection": "26-04-2024",
    "Amount of Tranction": 68610230371
  },
  {
    "Date of Transection": "27-04-2024",
    "Amount of Tranction": 64186420934
  },
  {
    "Date of Transection": "28-04-2024",
    "Amount of Tranction": 76553241.18
  },
  {
    "Date of Transection": "29-04-2024",
    "Amount of Tranction": 89182268854
  },
  {
    "Date of Transection": "30-04-2024",
    "Amount of Tranction": 91537725807
  },
  {
    "Date of Transection": "01-05-2024",
    "Amount of Tranction": 70978919348
  },
  {
    "Date of Transection": "02-05-2024",
    "Amount of Tranction": 72103121071
  },
  {
    "Date of Transection": "03-05-2024",
    "Amount of Tranction": 71651884745
  },
  {
    "Date of Transection": "04-05-2024",
    "Amount of Tranction": 66145306223
  },
  {
    "Date of Transection": "05-05-2024",
    "Amount of Tranction": 130967460.1
  },
  {
    "Date of Transection": "06-05-2024",
    "Amount of Tranction": 78668581244
  },
  {
    "Date of Transection": "07-05-2024",
    "Amount of Tranction": 66991385916
  },
  {
    "Date of Transection": "08-05-2024",
    "Amount of Tranction": 75267063210
  },
  {
    "Date of Transection": "09-05-2024",
    "Amount of Tranction": 76595982492
  },
  {
    "Date of Transection": "10-05-2024",
    "Amount of Tranction": 72862005125
  },
  {
    "Date of Transection": "11-05-2024",
    "Amount of Tranction": 58533824080
  },
  {
    "Date of Transection": "12-05-2024",
    "Amount of Tranction": 77838852.74
  },
  {
    "Date of Transection": "13-05-2024",
    "Amount of Tranction": 70281507621
  },
  {
    "Date of Transection": "14-05-2024",
    "Amount of Tranction": 74780193912
  },
  {
    "Date of Transection": "15-05-2024",
    "Amount of Tranction": 84033200017
  },
  {
    "Date of Transection": "16-05-2024",
    "Amount of Tranction": 73315263204
  },
  {
    "Date of Transection": "17-05-2024",
    "Amount of Tranction": 74464335133
  },
  {
    "Date of Transection": "18-05-2024",
    "Amount of Tranction": 62887348783
  },
  {
    "Date of Transection": "19-05-2024",
    "Amount of Tranction": 69266766.47
  },
  {
    "Date of Transection": "20-05-2024",
    "Amount of Tranction": 73306269969
  },
  {
    "Date of Transection": "21-05-2024",
    "Amount of Tranction": 70882654802
  },
  {
    "Date of Transection": "22-05-2024",
    "Amount of Tranction": 63190297743
  },
  {
    "Date of Transection": "23-05-2024",
    "Amount of Tranction": 297325858.3
  },
  {
    "Date of Transection": "24-05-2024",
    "Amount of Tranction": 96475426406
  },
  {
    "Date of Transection": "25-05-2024",
    "Amount of Tranction": 61056181245
  },
  {
    "Date of Transection": "26-05-2024",
    "Amount of Tranction": 58484760.96
  },
  {
    "Date of Transection": "27-05-2024",
    "Amount of Tranction": 85113312994
  },
  {
    "Date of Transection": "28-05-2024",
    "Amount of Tranction": 80056647307
  },
  {
    "Date of Transection": "29-05-2024",
    "Amount of Tranction": 71421976387
  },
  {
    "Date of Transection": "30-05-2024",
    "Amount of Tranction": 80038045720
  },
  {
    "Date of Transection": "31-05-2024",
    "Amount of Tranction": 80322201557
  },
  {
    "Date of Transection": "01-06-2024",
    "Amount of Tranction": 55836225087
  },
  {
    "Date of Transection": "02-06-2024",
    "Amount of Tranction": 138149965
  },
  {
    "Date of Transection": "03-06-2024",
    "Amount of Tranction": 81770759919
  },
  {
    "Date of Transection": "04-06-2024",
    "Amount of Tranction": 61964686767
  },
  {
    "Date of Transection": "05-06-2024",
    "Amount of Tranction": 70822822939
  },
  {
    "Date of Transection": "06-06-2024",
    "Amount of Tranction": 72156494092
  },
  {
    "Date of Transection": "07-06-2024",
    "Amount of Tranction": 73263912226
  },
  {
    "Date of Transection": "08-06-2024",
    "Amount of Tranction": 60807061080
  },
  {
    "Date of Transection": "09-06-2024",
    "Amount of Tranction": 73522321.19
  },
  {
    "Date of Transection": "10-06-2024",
    "Amount of Tranction": 78742877756
  },
  {
    "Date of Transection": "11-06-2024",
    "Amount of Tranction": 74106670542
  },
  {
    "Date of Transection": "12-06-2024",
    "Amount of Tranction": 74939791577
  },
  {
    "Date of Transection": "13-06-2024",
    "Amount of Tranction": 74168426074
  },
  {
    "Date of Transection": "14-06-2024",
    "Amount of Tranction": 73911453984
  },
  {
    "Date of Transection": "15-06-2024",
    "Amount of Tranction": 75902353848
  },
  {
    "Date of Transection": "16-06-2024",
    "Amount of Tranction": 67861033.73
  },
  {
    "Date of Transection": "17-06-2024",
    "Amount of Tranction": 106386087.8
  },
  {
    "Date of Transection": "18-06-2024",
    "Amount of Tranction": 92575107698
  },
  {
    "Date of Transection": "19-06-2024",
    "Amount of Tranction": 85691768740
  },
  {
    "Date of Transection": "20-06-2024",
    "Amount of Tranction": 80564515908
  },
  {
    "Date of Transection": "21-06-2024",
    "Amount of Tranction": 77946167908
  },
  {
    "Date of Transection": "22-06-2024",
    "Amount of Tranction": 64829616522
  },
  {
    "Date of Transection": "23-06-2024",
    "Amount of Tranction": 95621874.23
  },
  {
    "Date of Transection": "24-06-2024",
    "Amount of Tranction": 85629350363
  },
  {
    "Date of Transection": "25-06-2024",
    "Amount of Tranction": 79718426285
  },
  {
    "Date of Transection": "26-06-2024",
    "Amount of Tranction": 81917796266
  },
  {
    "Date of Transection": "27-06-2024",
    "Amount of Tranction": 79307164731
  },
  {
    "Date of Transection": "28-06-2024",
    "Amount of Tranction": 81702718195
  },
  {
    "Date of Transection": "29-06-2024",
    "Amount of Tranction": 100302000000
  },
  {
    "Date of Transection": "30-06-2024",
    "Amount of Tranction": 105654028.6
  },
  {
    "Date of Transection": "01-07-2024",
    "Amount of Tranction": 111569000000
  },
  {
    "Date of Transection": "02-07-2024",
    "Amount of Tranction": 73840108995
  },
  {
    "Date of Transection": "03-07-2024",
    "Amount of Tranction": 75449460451
  },
  {
    "Date of Transection": "04-07-2024",
    "Amount of Tranction": 74258554363
  },
  {
    "Date of Transection": "05-07-2024",
    "Amount of Tranction": 75525175863
  },
  {
    "Date of Transection": "06-07-2024",
    "Amount of Tranction": 68594706066
  },
  {
    "Date of Transection": "07-07-2024",
    "Amount of Tranction": 104811880.4
  },
  {
    "Date of Transection": "08-07-2024",
    "Amount of Tranction": 85734354604
  },
  {
    "Date of Transection": "09-07-2024",
    "Amount of Tranction": 71823065925
  },
  {
    "Date of Transection": "10-07-2024",
    "Amount of Tranction": 77374429739
  },
  {
    "Date of Transection": "11-07-2024",
    "Amount of Tranction": 75466694852
  },
  {
    "Date of Transection": "12-07-2024",
    "Amount of Tranction": 74500871033
  },
  {
    "Date of Transection": "13-07-2024",
    "Amount of Tranction": 59990481700
  },
  {
    "Date of Transection": "14-07-2024",
    "Amount of Tranction": 68199846.8
  },
  {
    "Date of Transection": "15-07-2024",
    "Amount of Tranction": 88489923912
  },
  {
    "Date of Transection": "16-07-2024",
    "Amount of Tranction": 76936562997
  },
  {
    "Date of Transection": "17-07-2024",
    "Amount of Tranction": 2177999961
  },
  {
    "Date of Transection": "18-07-2024",
    "Amount of Tranction": 99912707666
  },
  {
    "Date of Transection": "19-07-2024",
    "Amount of Tranction": 83639741287
  },
  {
    "Date of Transection": "20-07-2024",
    "Amount of Tranction": 72937175173
  },
  {
    "Date of Transection": "21-07-2024",
    "Amount of Tranction": 68761576.91
  },
  {
    "Date of Transection": "22-07-2024",
    "Amount of Tranction": 86740152826
  },
  {
    "Date of Transection": "23-07-2024",
    "Amount of Tranction": 79887873982
  },
  {
    "Date of Transection": "24-07-2024",
    "Amount of Tranction": 80499532616
  },
  {
    "Date of Transection": "25-07-2024",
    "Amount of Tranction": 77287612638
  },
  {
    "Date of Transection": "26-07-2024",
    "Amount of Tranction": 79748228380
  },
  {
    "Date of Transection": "27-07-2024",
    "Amount of Tranction": 66153789163
  },
  {
    "Date of Transection": "28-07-2024",
    "Amount of Tranction": 78029710.34
  },
  {
    "Date of Transection": "29-07-2024",
    "Amount of Tranction": 84560926221
  },
  {
    "Date of Transection": "30-07-2024",
    "Amount of Tranction": 77677147220
  },
  {
    "Date of Transection": "31-07-2024",
    "Amount of Tranction": 90185832797
  },
  {
    "Date of Transection": "01-08-2024",
    "Amount of Tranction": 80642141787
  },
  {
    "Date of Transection": "02-08-2024",
    "Amount of Tranction": 7245082343
  },
  {
    "Date of Transection": "03-08-2024",
    "Amount of Tranction": 64753269261
  },
  {
    "Date of Transection": "04-08-2024",
    "Amount of Tranction": 125859341.9
  },
  {
    "Date of Transection": "05-08-2024",
    "Amount of Tranction": 82933515948
  },
  {
    "Date of Transection": "06-08-2024",
    "Amount of Tranction": 72945693541
  },
  {
    "Date of Transection": "07-08-2024",
    "Amount of Tranction": 72963031178
  },
  {
    "Date of Transection": "08-08-2024",
    "Amount of Tranction": 74199270805
  },
  {
    "Date of Transection": "09-08-2024",
    "Amount of Tranction": 70492873652
  },
  {
    "Date of Transection": "10-08-2024",
    "Amount of Tranction": 57436746352
  },
  {
    "Date of Transection": "11-08-2024",
    "Amount of Tranction": 73663545.87
  },
  {
    "Date of Transection": "12-08-2024",
    "Amount of Tranction": 70442543739
  },
  {
    "Date of Transection": "13-08-2024",
    "Amount of Tranction": 68231799096
  },
  {
    "Date of Transection": "14-08-2024",
    "Amount of Tranction": 77452149978
  },
  {
    "Date of Transection": "15-08-2024",
    "Amount of Tranction": 70192889.94
  },
  {
    "Date of Transection": "16-08-2024",
    "Amount of Tranction": 69252423334
  },
  {
    "Date of Transection": "17-08-2024",
    "Amount of Tranction": 64334413442
  },
  {
    "Date of Transection": "18-08-2024",
    "Amount of Tranction": 84594080.71
  },
  {
    "Date of Transection": "19-08-2024",
    "Amount of Tranction": 58590585014
  },
  {
    "Date of Transection": "20-08-2024",
    "Amount of Tranction": 69344921157
  },
  {
    "Date of Transection": "21-08-2024",
    "Amount of Tranction": 76042415430
  },
  {
    "Date of Transection": "22-08-2024",
    "Amount of Tranction": 75740489693
  },
  {
    "Date of Transection": "23-08-2024",
    "Amount of Tranction": 75247498483
  },
  {
    "Date of Transection": "24-08-2024",
    "Amount of Tranction": 63513987895
  },
  {
    "Date of Transection": "25-08-2024",
    "Amount of Tranction": 74036194.84
  },
  {
    "Date of Transection": "26-08-2024",
    "Amount of Tranction": 36961417859
  },
  {
    "Date of Transection": "27-08-2024",
    "Amount of Tranction": 70118986163
  },
  {
    "Date of Transection": "28-08-2024",
    "Amount of Tranction": 76624440050
  },
  {
    "Date of Transection": "29-08-2024",
    "Amount of Tranction": 80429826680
  },
  {
    "Date of Transection": "30-08-2024",
    "Amount of Tranction": 74450140455
  },
  {
    "Date of Transection": "31-08-2024",
    "Amount of Tranction": 77023548793
  },
  {
    "Date of Transection": "01-09-2024",
    "Amount of Tranction": 539398123.5
  },
  {
    "Date of Transection": "02-09-2024",
    "Amount of Tranction": 75401738203
  },
  {
    "Date of Transection": "03-09-2024",
    "Amount of Tranction": 68594661845
  },
  {
    "Date of Transection": "04-09-2024",
    "Amount of Tranction": 68646200966
  },
  {
    "Date of Transection": "05-09-2024",
    "Amount of Tranction": 69728235000
  },
  {
    "Date of Transection": "06-09-2024",
    "Amount of Tranction": 68881678498
  },
  {
    "Date of Transection": "07-09-2024",
    "Amount of Tranction": 41794580006
  },
  {
    "Date of Transection": "08-09-2024",
    "Amount of Tranction": 1865084879
  },
  {
    "Date of Transection": "09-09-2024",
    "Amount of Tranction": 79124577573
  },
  {
    "Date of Transection": "10-09-2024",
    "Amount of Tranction": 65763581226
  },
  {
    "Date of Transection": "11-09-2024",
    "Amount of Tranction": 66257976931
  },
  {
    "Date of Transection": "12-09-2024",
    "Amount of Tranction": 68314963227
  },
  {
    "Date of Transection": "13-09-2024",
    "Amount of Tranction": 69904604687
  },
  {
    "Date of Transection": "14-09-2024",
    "Amount of Tranction": 23022320594
  },
  {
    "Date of Transection": "15-09-2024",
    "Amount of Tranction": 86113477.81
  },
  {
    "Date of Transection": "16-09-2024",
    "Amount of Tranction": 6272944207
  },
  {
    "Date of Transection": "17-09-2024",
    "Amount of Tranction": 72573663148
  },
  {
    "Date of Transection": "18-09-2024",
    "Amount of Tranction": 74734152650
  },
  {
    "Date of Transection": "19-09-2024",
    "Amount of Tranction": 72616322060
  },
  {
    "Date of Transection": "20-09-2024",
    "Amount of Tranction": 75051884306
  },
  {
    "Date of Transection": "21-09-2024",
    "Amount of Tranction": 65940892124
  },
  {
    "Date of Transection": "22-09-2024",
    "Amount of Tranction": 75411280.51
  },
  {
    "Date of Transection": "23-09-2024",
    "Amount of Tranction": 83577535773
  },
  {
    "Date of Transection": "24-09-2024",
    "Amount of Tranction": 70935407392
  },
  {
    "Date of Transection": "25-09-2024",
    "Amount of Tranction": 72738636086
  },
  {
    "Date of Transection": "26-09-2024",
    "Amount of Tranction": 68378361254
  },
  {
    "Date of Transection": "27-09-2024",
    "Amount of Tranction": 71435967197
  },
  {
    "Date of Transection": "28-09-2024",
    "Amount of Tranction": 56966597482
  },
  {
    "Date of Transection": "29-09-2024",
    "Amount of Tranction": 90753355.03
  },
  {
    "Date of Transection": "30-09-2024",
    "Amount of Tranction": 110507000000
  },
  {
    "Date of Transection": "01-10-2024",
    "Amount of Tranction": 102951000000
  },
  {
    "Date of Transection": "02-10-2024",
    "Amount of Tranction": 189209283.2
  },
  {
    "Date of Transection": "03-10-2024",
    "Amount of Tranction": 73880713278
  },
  {
    "Date of Transection": "04-10-2024",
    "Amount of Tranction": 67096849589
  },
  {
    "Date of Transection": "05-10-2024",
    "Amount of Tranction": 68300178346
  },
  {
    "Date of Transection": "06-10-2024",
    "Amount of Tranction": 117907787.6
  },
  {
    "Date of Transection": "07-10-2024",
    "Amount of Tranction": 80707138960
  },
  {
    "Date of Transection": "08-10-2024",
    "Amount of Tranction": 64686543517
  },
  {
    "Date of Transection": "09-10-2024",
    "Amount of Tranction": 64965463662
  },
  {
    "Date of Transection": "10-10-2024",
    "Amount of Tranction": 63632606487
  },
  {
    "Date of Transection": "11-10-2024",
    "Amount of Tranction": 38414770883
  },
  {
    "Date of Transection": "12-10-2024",
    "Amount of Tranction": 1111855535
  },
  {
    "Date of Transection": "13-10-2024",
    "Amount of Tranction": 916213336
  },
  {
    "Date of Transection": "14-10-2024",
    "Amount of Tranction": 88304223088
  },
  {
    "Date of Transection": "15-10-2024",
    "Amount of Tranction": 84049254661
  },
  {
    "Date of Transection": "16-10-2024",
    "Amount of Tranction": 70740842774
  },
  {
    "Date of Transection": "17-10-2024",
    "Amount of Tranction": 66237982106
  },
  {
    "Date of Transection": "18-10-2024",
    "Amount of Tranction": 71917746968
  },
  {
    "Date of Transection": "19-10-2024",
    "Amount of Tranction": 62206517215
  },
  {
    "Date of Transection": "20-10-2024",
    "Amount of Tranction": 94266851.05
  },
  {
    "Date of Transection": "21-10-2024",
    "Amount of Tranction": 80484556308
  },
  {
    "Date of Transection": "22-10-2024",
    "Amount of Tranction": 72375874261
  },
  {
    "Date of Transection": "23-10-2024",
    "Amount of Tranction": 69456660801
  },
  {
    "Date of Transection": "24-10-2024",
    "Amount of Tranction": 61121641616
  },
  {
    "Date of Transection": "25-10-2024",
    "Amount of Tranction": 66346367548
  },
  {
    "Date of Transection": "26-10-2024",
    "Amount of Tranction": 59254706819
  },
  {
    "Date of Transection": "27-10-2024",
    "Amount of Tranction": 82189968.79
  },
  {
    "Date of Transection": "28-10-2024",
    "Amount of Tranction": 76714616403
  },
  {
    "Date of Transection": "29-10-2024",
    "Amount of Tranction": 71651808010
  },
  {
    "Date of Transection": "30-10-2024",
    "Amount of Tranction": 81547356871
  },
  {
    "Date of Transection": "31-10-2024",
    "Amount of Tranction": 2510905210
  },
  {
    "Date of Transection": "01-11-2024",
    "Amount of Tranction": 50904015222
  },
  {
    "Date of Transection": "02-11-2024",
    "Amount of Tranction": 47049586963
  },
  {
    "Date of Transection": "03-11-2024",
    "Amount of Tranction": 134822377
  },
  {
    "Date of Transection": "04-11-2024",
    "Amount of Tranction": 65121700736
  },
  {
    "Date of Transection": "05-11-2024",
    "Amount of Tranction": 61622100584
  },
  {
    "Date of Transection": "06-11-2024",
    "Amount of Tranction": 66095075511
  },
  {
    "Date of Transection": "07-11-2024",
    "Amount of Tranction": 62524551829
  },
  {
    "Date of Transection": "08-11-2024",
    "Amount of Tranction": 60101102025
  },
  {
    "Date of Transection": "09-11-2024",
    "Amount of Tranction": 60252746972
  },
  {
    "Date of Transection": "10-11-2024",
    "Amount of Tranction": 92090146
  },
  {
    "Date of Transection": "11-11-2024",
    "Amount of Tranction": 82547943928
  },
  {
    "Date of Transection": "12-11-2024",
    "Amount of Tranction": 73841612469
  },
  {
    "Date of Transection": "13-11-2024",
    "Amount of Tranction": 72311274557
  },
  {
    "Date of Transection": "14-11-2024",
    "Amount of Tranction": 80872802585
  },
  {
    "Date of Transection": "15-11-2024",
    "Amount of Tranction": 2871603089
  },
  {
    "Date of Transection": "16-11-2024",
    "Amount of Tranction": 71746295308
  },
  {
    "Date of Transection": "17-11-2024",
    "Amount of Tranction": 8410712
  },
  {
    "Date of Transection": "18-11-2024",
    "Amount of Tranction": 81866438988
  },
  {
    "Date of Transection": "19-11-2024",
    "Amount of Tranction": 75653116257
  },
  {
    "Date of Transection": "20-11-2024",
    "Amount of Tranction": 71873354364
  },
  {
    "Date of Transection": "21-11-2024",
    "Amount of Tranction": 77077296934
  },
  {
    "Date of Transection": "22-11-2024",
    "Amount of Tranction": 74584243266
  },
  {
    "Date of Transection": "23-11-2024",
    "Amount of Tranction": 59268563642
  },
  {
    "Date of Transection": "24-11-2024",
    "Amount of Tranction": 72052576.81
  },
  {
    "Date of Transection": "25-11-2024",
    "Amount of Tranction": 81625857117
  },
  {
    "Date of Transection": "26-11-2024",
    "Amount of Tranction": 75492183965
  },
  {
    "Date of Transection": "27-11-2024",
    "Amount of Tranction": 70509938830
  },
  {
    "Date of Transection": "28-11-2024",
    "Amount of Tranction": 74016779479
  },
  {
    "Date of Transection": "29-11-2024",
    "Amount of Tranction": 76666064249
  },
  {
    "Date of Transection": "30-11-2024",
    "Amount of Tranction": 78241976660
  },
  {
    "Date of Transection": "01-12-2024",
    "Amount of Tranction": 165246359.5
  },
  {
    "Date of Transection": "02-12-2024",
    "Amount of Tranction": 77872805098
  },
  {
    "Date of Transection": "03-12-2024",
    "Amount of Tranction": 68230504243
  },
  {
    "Date of Transection": "04-12-2024",
    "Amount of Tranction": 69283248550
  },
  {
    "Date of Transection": "05-12-2024",
    "Amount of Tranction": 66095075511
  },
  {
    "Date of Transection": "06-12-2024",
    "Amount of Tranction": 68571121653
  },
  {
    "Date of Transection": "07-12-2024",
    "Amount of Tranction": 61117833926
  },
  {
    "Date of Transection": "08-12-2024",
    "Amount of Tranction": 103618661
  }
]