[
  {
    "S.No.": 1,
    "Name of the Circle": "Andhra Pradesh",
    "No. of the aspirational district": 3,
    "No. of Departmental POs in CBS network": 281
  },
  {
    "S.No.": 2,
    "Name of the Circle": "Assam",
    "No. of the aspirational district": 7,
    "No. of Departmental POs in CBS network": 77
  },
  {
    "S.No.": 3,
    "Name of the Circle": "Bihar Circle",
    "No. of the aspirational district": 13,
    "No. of Departmental POs in CBS network": 164
  },
  {
    "S.No.": 4,
    "Name of the Circle": "Chhattisgarh",
    "No. of the aspirational district": 10,
    "No. of Departmental POs in CBS network": 85
  },
  {
    "S.No.": 5,
    "Name of the Circle": "Gujarat",
    "No. of the aspirational district": 2,
    "No. of Departmental POs in CBS network": 24
  },
  {
    "S.No.": 6,
    "Name of the Circle": "Haryana",
    "No. of the aspirational district": 1,
    "No. of Departmental POs in CBS network": 6
  },
  {
    "S.No.": 7,
    "Name of the Circle": "Himachal Pradesh",
    "No. of the aspirational district": 1,
    "No. of Departmental POs in CBS network": 21
  },
  {
    "S.No.": 8,
    "Name of the Circle": "Jammu & Kashmir",
    "No. of the aspirational district": 2,
    "No. of Departmental POs in CBS network": 12
  },
  {
    "S.No.": 9,
    "Name of the Circle": "Jharkhand",
    "No. of the aspirational district": 19,
    "No. of Departmental POs in CBS network": 271
  },
  {
    "S.No.": 10,
    "Name of the Circle": "Karnataka",
    "No. of the aspirational district": 2,
    "No. of Departmental POs in CBS network": 61
  },
  {
    "S.No.": 11,
    "Name of the Circle": "Kerala",
    "No. of the aspirational district": 1,
    "No. of Departmental POs in CBS network": 20
  },
  {
    "S.No.": 12,
    "Name of the Circle": "Madhya Pradesh",
    "No. of the aspirational district": 8,
    "No. of Departmental POs in CBS network": 129
  },
  {
    "S.No.": 13,
    "Name of the Circle": "Maharashtra",
    "No. of the aspirational district": 4,
    "No. of Departmental POs in CBS network": 81
  },
  {
    "S.No.": 14,
    "Name of the Circle": "North East",
    "No. of the aspirational district": 6,
    "No. of Departmental POs in CBS network": 19
  },
  {
    "S.No.": 15,
    "Name of the Circle": "Odisha",
    "No. of the aspirational district": 8,
    "No. of Departmental POs in CBS network": 250
  },
  {
    "S.No.": 16,
    "Name of the Circle": "Punjab",
    "No. of the aspirational district": 2,
    "No. of Departmental POs in CBS network": 41
  },
  {
    "S.No.": 17,
    "Name of the Circle": "Rajasthan",
    "No. of the aspirational district": 5,
    "No. of Departmental POs in CBS network": 95
  },
  {
    "S.No.": 18,
    "Name of the Circle": "Tamilnadu",
    "No. of the aspirational district": 2,
    "No. of Departmental POs in CBS network": 131
  },
  {
    "S.No.": 19,
    "Name of the Circle": "Telengana",
    "No. of the aspirational district": 3,
    "No. of Departmental POs in CBS network": 53
  },
  {
    "S.No.": 20,
    "Name of the Circle": "Uttar Pradesh",
    "No. of the aspirational district": 8,
    "No. of Departmental POs in CBS network": 129
  },
  {
    "S.No.": 21,
    "Name of the Circle": "Uttarakhand",
    "No. of the aspirational district": 2,
    "No. of Departmental POs in CBS network": 57
  },
  {
    "S.No.": 22,
    "Name of the Circle": "West Bengal",
    "No. of the aspirational district": 6,
    "No. of Departmental POs in CBS network": 258
  },
  {
    "S.No.": "Total",
    "Name of the Circle": "",
    "No. of the aspirational district": 115,
    "No. of Departmental POs in CBS network": 2265
  }
]